ILOC_CODE_2016,T_EI_ns_IndSt_nsP,T_EI_ns_TotM,T_EI_ns_TotF,T_EI_ns_TotP,Tot_Indig_M,Tot_Indig_F,Tot_Indig_P,Tot_NonInd_M,Tot_NonInd_F,Tot_NonInd_P,Tot_IndigStat_nsM,Tot_IndigStat_nsF,Tot_IndigStat_nsP,Tot_TotM,Tot_TotF,Tot_TotP
ILOC10100101,231,167,165,327,79,110,193,192,230,426,128,107,240,401,449,852
ILOC10100201,841,522,582,1104,480,506,990,1302,1400,2707,412,467,878,2194,2383,4578
ILOC10100202,251,169,178,351,55,100,158,230,267,497,127,130,259,411,497,909
ILOC10100203,306,234,222,453,169,176,348,683,836,1518,175,143,322,1029,1158,2183
ILOC10100204,536,364,322,686,119,115,234,866,849,1720,295,268,561,1281,1232,2516
ILOC10100205,510,330,364,696,301,292,594,719,743,1463,246,272,519,1271,1304,2577
ILOC10100301,248,211,202,416,109,97,211,330,382,712,142,118,262,587,601,1188
ILOC10100401,278,181,214,393,172,198,367,236,259,501,134,159,293,543,615,1164
ILOC10100402,188,138,98,237,46,30,80,213,191,403,108,83,189,366,306,675
ILOC10100403,59,49,46,94,43,43,86,39,49,89,28,33,61,114,122,237
ILOC10100501,708,447,539,985,209,183,395,924,1077,2004,346,389,734,1479,1645,3130
ILOC10100502,306,191,197,387,37,42,74,370,457,833,161,152,316,569,653,1225
ILOC10100503,61,43,49,93,38,47,89,29,48,80,36,30,61,102,125,221
ILOC10100601,223,145,170,320,73,76,148,198,258,448,112,127,238,381,457,837
ILOC10100701,211,130,158,280,67,88,155,180,185,368,98,119,216,342,395,738
ILOC10100702,425,303,292,601,87,79,168,498,544,1040,217,220,445,802,851,1650
ILOC10100801,399,276,294,565,221,207,427,260,296,553,200,215,423,683,717,1402
ILOC10100802,387,834,337,1168,402,116,519,590,417,1011,189,209,399,1189,740,1928
ILOC10200101,1569,966,1080,2044,376,402,773,3592,4043,7630,780,837,1616,4745,5281,10024
ILOC10200201,707,631,524,1154,128,103,232,882,861,1738,341,387,730,1356,1347,2699
ILOC10200301,502,355,406,762,242,249,489,617,714,1323,244,264,511,1098,1227,2322
ILOC10200302,252,183,167,352,70,73,143,393,459,854,147,127,278,612,659,1269
ILOC10200401,251,199,174,373,50,45,99,418,470,896,140,121,260,611,638,1251
ILOC10200402,48,34,36,67,34,33,66,29,20,50,29,22,49,91,80,167
ILOC10200501,417,298,261,562,54,70,122,439,443,884,236,191,429,728,703,1434
ILOC10200502,1098,738,793,1529,286,259,542,1556,1697,3250,560,599,1155,2402,2552,4949
ILOC10200601,314,190,202,393,35,32,65,322,349,672,161,167,322,519,546,1061
ILOC10200602,136,103,128,237,68,81,145,225,223,450,60,82,140,345,392,734
ILOC10200603,0,0,0,5,14,16,27,0,0,0,0,0,0,11,16,28
ILOC10200604,127,94,90,184,50,48,103,79,107,188,70,60,128,204,217,421
ILOC10200701,238,162,163,326,61,61,118,192,225,412,115,128,246,367,412,777
ILOC10200702,342,246,241,485,171,202,372,177,164,335,181,168,347,528,527,1058
ILOC10200703,97,76,74,149,30,38,68,143,150,296,51,53,99,223,240,463
ILOC10200704,64,38,43,86,39,53,97,9,4,16,27,35,64,81,93,178
ILOC10200801,22,30,19,44,63,63,125,7,8,13,20,11,24,94,77,172
ILOC10200802,495,324,268,593,46,51,91,399,441,841,274,229,507,717,715,1438
ILOC10200803,45,32,40,66,25,35,64,30,31,64,20,28,51,77,95,173
ILOC10200804,14,10,12,23,35,27,65,9,4,16,12,7,20,50,44,92
ILOC10200901,524,366,376,743,196,183,377,1038,1121,2164,276,270,547,1507,1577,3086
ILOC10200902,330,498,211,705,86,67,155,834,606,1442,198,164,353,1115,831,1947
ILOC10201001,442,270,338,610,131,141,268,419,485,898,205,247,453,751,871,1623
ILOC10201002,586,371,363,731,108,102,210,533,603,1136,323,296,614,962,1001,1969
ILOC10201003,151,110,106,219,59,49,105,139,145,287,80,71,151,282,269,546
ILOC10201101,2463,1766,1767,3528,929,935,1856,3919,4214,8125,1242,1309,2550,6083,6448,12532
ILOC10201102,1173,822,836,1660,309,279,587,1823,1979,3800,610,606,1216,2741,2865,5601
ILOC10201201,0,3,0,7,17,20,41,0,0,0,0,0,0,17,20,41
ILOC10201202,631,404,447,846,61,56,113,539,624,1164,303,342,644,902,1025,1923
ILOC10201301,1039,680,727,1411,156,167,322,1403,1574,2978,519,579,1096,2081,2312,4396
ILOC10201401,313,226,244,468,72,94,167,544,643,1191,165,173,334,781,909,1691
ILOC10201402,279,190,195,388,40,26,70,272,324,591,141,142,285,455,497,950
ILOC10300101,257,158,182,340,106,144,249,83,97,173,128,128,258,317,366,683
ILOC10300102,183,106,88,194,30,30,56,48,43,91,100,85,185,172,160,331
ILOC10300201,44,84,41,123,117,82,198,28,20,49,20,22,39,165,120,288
ILOC10300202,42,34,23,59,43,57,99,18,30,49,27,19,42,89,99,190
ILOC10300203,0,3,10,17,19,33,49,3,3,7,0,0,0,18,40,54
ILOC10300301,448,307,266,581,88,107,197,386,435,820,252,208,465,726,753,1482
ILOC10300302,0,10,5,17,19,13,33,0,0,0,0,0,0,19,13,33
ILOC10300401,343,221,225,441,164,172,331,64,87,150,175,172,342,400,429,835
ILOC10300402,113,76,73,145,15,26,37,94,99,187,59,60,123,167,184,350
ILOC10300403,49,39,36,74,45,36,80,9,9,23,21,27,50,76,73,151
ILOC10300501,964,822,810,1634,327,309,642,1546,1717,3261,495,518,1010,2369,2544,4914
ILOC10300502,225,169,114,287,31,14,49,118,109,228,125,103,233,278,229,509
ILOC10300503,33,25,30,52,35,31,65,13,16,29,14,14,33,62,63,123
ILOC10300504,17,37,40,73,44,83,127,12,8,18,14,10,17,64,95,159
ILOC10300601,14,16,13,27,40,36,79,12,21,30,9,5,14,58,60,121
ILOC10300602,0,3,3,8,8,13,18,0,0,0,0,0,0,8,13,18
ILOC10300603,152,115,103,225,73,83,154,73,72,146,86,72,157,231,227,462
ILOC10300605,152,111,133,242,124,143,263,70,64,137,75,86,164,265,298,562
ILOC10300607,277,209,153,365,51,49,101,199,184,379,167,128,296,417,360,779
ILOC10400101,190,130,103,228,32,30,60,138,135,272,110,87,200,277,255,531
ILOC10400102,1019,691,847,1545,122,152,276,1427,1557,2988,477,569,1043,2033,2274,4309
ILOC10400103,1072,746,779,1523,111,114,229,2669,2901,5567,568,551,1117,3345,3572,6916
ILOC10400201,3487,2051,2084,4135,101,114,215,3058,3415,6472,1788,1825,3611,4949,5354,10300
ILOC10400301,966,651,760,1412,253,279,527,1747,2009,3758,477,529,1008,2471,2824,5292
ILOC10400302,1504,1829,978,2804,529,284,812,2975,2581,5555,794,765,1558,4294,3632,7929
ILOC10400303,634,455,543,1003,222,193,412,1248,1357,2603,304,349,656,1771,1895,3667
ILOC10400401,45,29,28,60,9,9,15,20,26,46,29,15,45,53,50,101
ILOC10400402,447,322,276,597,58,84,146,504,503,1002,254,215,468,823,794,1618
ILOC10400403,1181,1123,924,2042,457,368,823,2387,2468,4857,646,611,1254,3481,3449,6932
ILOC10400404,358,260,257,520,40,50,94,440,460,905,189,185,376,674,703,1376
ILOC10400405,935,677,662,1339,150,128,276,1290,1364,2653,499,493,987,1937,1980,3921
ILOC10400501,702,482,535,1017,82,96,179,1228,1442,2670,375,390,769,1687,1926,3617
ILOC10400502,46,34,45,78,53,60,108,81,70,152,26,31,58,153,159,313
ILOC10400503,3454,2348,2548,4900,531,605,1138,5898,6726,12629,1763,1806,3576,8194,9143,17334
ILOC10400504,178,155,174,324,57,52,106,283,314,594,94,94,185,433,458,886
ILOC10400505,529,386,360,748,87,93,177,851,964,1818,297,278,567,1230,1335,2565
ILOC10400506,325,280,334,614,124,124,247,440,510,949,163,171,339,728,812,1538
ILOC10400507,602,474,506,977,217,204,419,1556,1743,3300,319,315,638,2099,2254,4349
ILOC10400601,510,376,374,753,99,98,198,916,965,1881,284,268,553,1303,1335,2636
ILOC10400602,277,181,217,395,64,76,142,392,445,837,140,161,297,600,674,1277
ILOC10400701,2512,1704,1963,3667,281,351,631,8093,8553,16644,1287,1370,2650,9656,10273,19925
ILOC10400702,4477,3297,3492,6790,668,641,1309,10548,11583,22132,2335,2371,4702,13553,14591,28149
ILOC10400801,840,656,631,1287,158,166,318,1357,1475,2830,474,422,901,1985,2061,4047
ILOC10400802,819,532,628,1162,155,185,337,1003,1141,2144,386,458,843,1547,1781,3330
ILOC10400803,369,289,320,615,50,24,80,382,459,842,194,205,400,627,691,1313
ILOC10400901,615,463,540,1002,238,262,498,598,662,1263,302,339,645,1144,1259,2405
ILOC10400902,831,1073,642,1718,372,225,596,1384,1193,2574,441,439,882,2196,1853,4053
ILOC10400903,70,52,53,107,28,43,63,65,64,126,37,44,79,128,145,272
ILOC10400904,212,153,164,317,109,120,232,226,225,457,110,115,225,445,467,915
ILOC10400905,242,182,201,380,46,64,112,350,389,741,127,126,258,526,581,1111
ILOC10401001,661,445,393,843,55,63,125,740,860,1608,381,302,687,1183,1234,2414
ILOC10401002,33,24,21,43,10,9,24,39,37,76,15,17,40,66,68,134
ILOC10401101,2013,1649,1820,3467,532,515,1053,6972,7370,14341,1041,1073,2114,8545,8959,17510
ILOC10401102,2204,1776,1893,3670,572,612,1186,9168,9781,18947,1189,1144,2336,10929,11537,22463
ILOC10401103,1787,1490,1661,3151,493,499,994,5494,6027,11522,947,941,1884,6932,7473,14402
ILOC10401201,726,447,526,973,218,202,423,1325,1592,2913,355,395,751,1898,2197,4088
ILOC10401202,593,383,366,748,87,91,182,1047,1186,2235,314,289,597,1448,1563,3013
ILOC10401203,618,382,400,773,97,93,188,899,1046,1942,324,319,643,1320,1455,2774
ILOC10401204,922,604,594,1196,90,90,183,1339,1384,2732,489,490,973,1922,1963,3884
ILOC10401301,3002,2215,2207,4424,843,864,1699,8972,9467,18443,1599,1558,3158,11416,11888,23306
ILOC10401401,2464,1997,1923,3918,288,293,578,6150,6604,12759,1355,1174,2530,7794,8077,15873
ILOC10401402,1344,1195,1307,2504,448,479,925,6909,6975,13884,724,710,1439,8084,8168,16247
ILOC10401403,1433,1317,1612,2926,333,350,685,7250,7816,15070,785,734,1520,8371,8903,17275
ILOC10401501,1430,1061,1074,2133,180,174,356,2536,2843,5383,789,721,1505,3503,3742,7249
ILOC10401502,2151,1463,1619,3087,354,401,758,4460,4965,9431,1104,1143,2245,5917,6508,12426
ILOC10401503,314,262,281,536,121,146,265,635,779,1418,169,174,339,926,1096,2021
ILOC10401601,82,72,77,146,34,40,77,86,90,178,44,37,86,170,173,340
ILOC10401602,504,341,353,694,91,93,189,1145,1263,2414,280,266,542,1513,1628,3139
ILOC10401603,1074,703,780,1482,121,108,234,1797,1919,3709,526,566,1094,2447,2593,5036
ILOC10401604,1669,1162,1118,2279,196,208,403,2541,2669,5209,911,833,1743,3646,3708,7355
ILOC10401605,789,507,557,1069,211,242,454,1359,1452,2803,407,406,818,1975,2103,4072
ILOC10401701,570,454,478,935,232,252,485,957,1114,2076,309,308,608,1502,1672,3170
ILOC10401702,93,69,69,139,23,25,55,91,114,203,50,52,93,163,194,354
ILOC10401703,762,537,507,1051,90,91,179,1063,1175,2231,421,378,800,1570,1643,3213
ILOC10401801,1449,926,909,1833,233,276,504,2480,2664,5141,783,732,1512,3491,3670,7159
ILOC10401901,21,14,16,35,18,16,38,21,33,54,6,9,21,50,66,112
ILOC10401902,932,711,814,1528,400,393,799,1550,1832,3384,465,503,970,2418,2740,5155
ILOC10401903,1450,1001,1058,2060,224,245,465,2283,2496,4778,780,766,1540,3285,3500,6786
ILOC10401904,221,159,191,345,74,54,123,387,466,855,109,128,238,568,647,1215
ILOC10402001,1538,1108,1140,2242,130,134,268,2207,2582,4787,834,809,1638,3168,3531,6700
ILOC10402002,603,466,489,953,97,107,205,1482,1723,3208,329,304,630,1910,2135,4038
ILOC10402003,3057,2150,2431,4573,500,520,1020,5059,5640,10700,1541,1634,3172,7100,7795,14889
ILOC10402101,3819,2820,3137,5956,1007,992,2002,8867,9689,18556,1939,2097,4033,11815,12776,24597
ILOC10402102,3493,2410,2705,5115,606,698,1308,8098,8664,16762,1759,1874,3627,10464,11234,21696
ILOC10500101,656,390,439,832,61,55,123,1898,2246,4137,318,362,680,2277,2658,4936
ILOC10500102,2341,1527,1578,3102,242,260,503,3614,4137,7752,1226,1179,2406,5084,5573,10658
ILOC10500201,87,58,61,120,37,30,60,96,87,181,44,45,87,172,157,330
ILOC10500202,578,409,317,731,46,57,105,628,649,1280,328,267,597,1008,973,1975
ILOC10500203,3,13,18,34,26,30,56,0,0,0,0,3,3,25,33,61
ILOC10500204,25,31,32,59,36,42,80,22,12,33,8,15,28,69,76,146
ILOC10500205,89,69,64,136,19,18,39,88,94,184,49,41,93,158,162,318
ILOC10500301,2416,2395,1642,4039,602,484,1082,5657,5327,10986,1228,1289,2516,7485,7104,14589
ILOC10500401,1119,833,809,1643,172,163,339,2237,2505,4736,623,590,1212,3033,3256,6288
ILOC10500501,223,170,125,298,28,41,65,350,323,675,134,103,242,511,465,983
ILOC10500502,57,58,48,105,35,28,66,100,68,169,39,29,59,170,126,296
ILOC10500503,90,67,66,134,16,21,41,80,94,182,44,50,90,141,170,313
ILOC10500601,1603,1028,1062,2087,99,105,200,1648,1776,3426,833,823,1653,2584,2705,5282
ILOC10500701,1502,1019,1045,2063,137,143,280,2072,2182,4256,772,789,1556,2982,3110,6096
ILOC10500801,411,322,312,635,84,65,150,662,745,1410,243,213,448,990,1017,2009
ILOC10500901,848,598,611,1203,190,175,364,1091,1253,2342,423,451,877,1708,1885,3589
ILOC10501001,577,385,407,792,54,64,119,634,753,1385,309,311,620,991,1129,2126
ILOC10501002,404,308,336,648,46,78,124,692,830,1526,211,212,418,947,1118,2068
ILOC10501101,666,482,451,934,206,225,437,837,955,1791,381,332,713,1430,1511,2940
ILOC10501201,2029,1361,1394,2758,212,211,428,2754,2846,5593,1049,1027,2073,4011,4086,8096
ILOC10501202,819,578,585,1164,123,150,270,1255,1375,2630,421,431,852,1799,1955,3756
ILOC10501301,807,1451,607,2060,350,130,480,1876,1415,3296,435,399,837,2665,1943,4611
ILOC10501401,212,169,164,329,117,172,292,197,185,379,111,103,220,423,462,887
ILOC10501402,239,166,137,300,31,22,51,195,237,429,138,109,239,364,358,726
ILOC10501403,152,105,103,200,56,50,104,103,95,194,74,82,156,227,229,453
ILOC10501501,1671,1569,1177,2741,285,236,519,2276,2071,4345,880,861,1740,3434,3172,6605
ILOC10501502,473,442,300,745,40,29,67,624,550,1169,257,227,481,920,807,1726
ILOC10501601,2263,1484,1436,2916,288,280,567,2452,2567,5016,1206,1163,2365,3939,4011,7953
ILOC10501701,521,331,366,698,96,122,216,470,542,1015,262,263,524,829,924,1759
ILOC10501801,361,253,273,531,101,118,221,1054,1116,2170,188,191,373,1345,1422,2766
ILOC10501802,310,234,267,503,135,137,272,651,754,1403,167,155,319,956,1043,1998
ILOC10501803,362,252,245,494,68,55,125,1071,1090,2158,193,176,373,1329,1321,2655
ILOC10501804,426,284,287,574,111,103,210,319,351,664,216,226,446,653,677,1327
ILOC10501805,249,158,160,326,22,30,56,338,415,755,132,135,265,493,581,1069
ILOC10501806,242,176,149,321,33,52,82,797,804,1602,147,110,258,981,966,1947
ILOC10501807,125,82,107,196,32,38,74,305,315,621,57,68,131,392,427,817
ILOC10501901,789,569,579,1147,89,109,202,1093,1193,2287,426,409,835,1605,1710,3319
ILOC10502001,1790,1414,1340,2754,183,164,353,3067,3235,6301,905,950,1859,4153,4351,8506
ILOC10502101,545,427,416,843,171,181,357,1645,1787,3429,301,270,568,2119,2239,4360
ILOC10502102,377,241,232,474,34,39,73,620,735,1350,206,188,389,861,962,1820
ILOC10502103,355,248,245,497,68,91,162,1649,1827,3476,198,174,368,1911,2088,4001
ILOC10502104,936,613,576,1187,95,121,215,2059,2314,4376,532,472,997,2689,2904,5594
ILOC10502105,731,514,569,1091,317,372,686,1350,1528,2886,383,375,757,2048,2279,4331
ILOC10502201,666,478,512,990,131,110,241,1293,1455,2750,349,360,708,1778,1927,3703
ILOC10600101,257,199,188,385,60,64,123,420,427,841,136,121,254,609,607,1215
ILOC10600102,1629,1112,1198,2316,109,130,241,2298,2555,4853,851,866,1716,3262,3552,6812
ILOC10600103,200,137,159,293,34,46,82,248,261,507,105,107,208,387,412,797
ILOC10600201,979,788,814,1602,178,192,371,1314,1501,2813,530,494,1027,2018,2194,4210
ILOC10600202,7,10,16,30,9,15,25,23,23,40,3,7,7,31,46,74
ILOC10600203,895,620,644,1264,127,117,246,1248,1367,2618,478,457,930,1854,1944,3797
ILOC10600204,137,119,114,233,46,51,101,214,213,426,74,66,137,330,333,666
ILOC10600205,230,163,162,323,34,21,57,205,182,388,116,114,233,356,317,678
ILOC10600206,27,20,23,39,16,11,28,0,0,0,13,17,27,31,33,61
ILOC10600301,194,182,164,343,54,59,110,268,276,548,107,96,197,428,427,853
ILOC10600302,1626,1166,1290,2460,455,536,986,2651,2981,5631,831,866,1697,3930,4386,8314
ILOC10600303,3624,3369,2795,6165,655,570,1224,6599,6583,13184,1941,1825,3763,9198,8978,18177
ILOC10600401,1942,1305,1256,2560,302,271,571,4737,4884,9620,1028,988,2022,6071,6145,12217
ILOC10600402,2967,2128,1846,3974,186,138,326,4207,4198,8403,1575,1486,3058,5967,5823,11792
ILOC10600501,1453,1682,1172,2854,317,220,537,3528,3216,6748,791,748,1539,4641,4184,8824
ILOC10600502,1497,1069,1072,2145,120,128,250,2879,3219,6096,808,767,1575,3809,4114,7920
ILOC10600503,2473,1719,1849,3574,161,212,377,5083,5669,10751,1281,1333,2605,6522,7209,13732
ILOC10700101,4256,4836,3279,8111,305,123,432,14042,12055,26092,2291,2091,4383,16636,14275,30913
ILOC10700201,4490,3133,3325,6453,192,206,393,27483,27421,54899,2383,2347,4733,30060,29966,60021
ILOC10700301,477,324,352,670,145,127,267,562,594,1154,239,255,492,944,971,1914
ILOC10700302,250,189,231,420,67,66,134,396,425,823,114,149,261,576,644,1219
ILOC10700303,1667,1143,1098,2239,132,137,268,6043,6011,12053,881,841,1720,7056,6988,14039
ILOC10700304,2295,1670,1771,3437,169,185,355,7659,7737,15397,1182,1187,2372,9019,9108,18128
ILOC10700305,113,106,107,210,23,27,49,370,353,722,54,74,131,444,452,898
ILOC10700306,1048,882,921,1804,206,196,403,4654,4747,9401,535,570,1109,5395,5512,10910
ILOC10700307,151,118,140,260,37,33,68,277,270,542,76,86,161,385,381,771
ILOC10700308,249,197,235,429,47,63,105,1541,1543,3082,128,144,270,1717,1747,3460
ILOC10700309,619,441,470,911,85,104,188,2305,2468,4770,316,356,668,2696,2929,5627
ILOC10700310,250,190,203,388,64,63,125,645,627,1280,125,139,262,838,831,1670
ILOC10700311,370,292,347,637,42,33,73,1772,1784,3560,184,197,382,2004,2011,4015
ILOC10700312,653,503,496,1004,62,64,128,1585,1662,3246,340,332,675,1985,2066,4046
ILOC10700313,397,321,294,613,109,100,211,495,558,1055,217,190,408,822,852,1676
ILOC10700314,267,254,217,472,68,55,124,1280,1295,2573,162,126,289,1512,1477,2987
ILOC10700315,1067,865,891,1756,180,206,382,3412,3577,6988,559,565,1129,4151,4344,8495
ILOC10700316,533,1467,443,1917,235,58,295,5681,4832,10515,298,280,583,6218,5172,11392
ILOC10700317,812,540,600,1143,115,104,220,3910,3917,7830,410,446,858,4432,4474,8904
ILOC10700318,516,400,390,792,50,41,89,1873,1922,3794,286,263,549,2207,2226,4429
ILOC10700319,436,328,351,687,144,141,287,672,712,1387,214,251,461,1029,1101,2132
ILOC10700320,509,389,382,775,139,137,278,1202,1275,2470,265,258,527,1611,1660,3270
ILOC10700401,414,300,265,562,57,46,102,1754,1863,3621,242,193,437,2052,2109,4160
ILOC10700402,810,542,569,1112,125,147,271,3150,3218,6370,418,435,858,3692,3810,7499
ILOC10700403,973,591,688,1275,96,114,204,1882,2096,3973,482,536,1020,2449,2743,5197
ILOC10700404,375,240,246,489,87,88,175,1305,1442,2749,198,190,389,1586,1716,3306
ILOC10700405,221,143,170,313,15,32,51,976,1059,2037,108,126,230,1097,1218,2320
ILOC10700501,2459,1692,1713,3402,122,149,271,6136,6169,12305,1277,1235,2504,7534,7549,15082
ILOC10700601,2815,1943,2084,4023,415,408,821,10264,11133,21393,1464,1493,2960,12137,13032,25173
ILOC10700701,248,190,212,399,118,126,242,313,327,641,135,133,263,559,586,1149
ILOC10700702,512,373,448,824,111,94,211,1476,1613,3084,258,289,548,1840,2000,3840
ILOC10700703,354,244,301,544,90,76,168,999,1116,2115,168,194,369,1257,1394,2654
ILOC10700704,138,127,183,312,9,13,21,281,349,636,68,67,139,360,427,792
ILOC10700705,1338,969,955,1925,186,213,400,3271,3337,6608,707,667,1377,4164,4212,8382
ILOC10700706,709,433,530,966,124,146,268,1431,1447,2876,329,407,733,1881,1995,3878
ILOC10700707,1001,699,629,1328,80,87,161,2426,2460,4881,557,465,1021,3059,3005,6065
ILOC10700708,1448,885,1142,2022,137,149,282,2983,3160,6141,664,826,1489,3779,4132,7915
ILOC10700709,475,352,422,768,78,79,160,1895,1952,3851,249,262,504,2218,2297,4516
ILOC10700710,400,316,316,634,108,112,216,1887,1880,3772,209,209,420,2209,2202,4412
ILOC10700711,335,237,265,507,81,94,177,975,1086,2059,162,205,363,1213,1385,2602
ILOC10700712,140,109,115,218,49,46,96,621,676,1299,82,70,151,750,791,1543
ILOC10700713,208,157,171,324,70,70,140,848,890,1740,104,108,213,1029,1068,2093
ILOC10700801,3501,2540,2633,5172,45,60,102,9697,9780,19480,1784,1858,3646,11529,11693,23219
ILOC10700802,3042,2850,2538,5384,100,110,210,10732,10780,21513,1625,1561,3182,12460,12451,24910
ILOC10700803,1998,1448,1508,2953,132,164,291,7291,7534,14824,1045,1038,2085,8468,8729,17203
ILOC10700804,6903,5085,5091,10176,171,206,381,20612,20018,40635,3605,3563,7171,24393,23784,48184
ILOC10700901,4844,4314,4452,8766,168,176,349,17530,18486,36017,2562,2513,5078,20265,21181,41451
ILOC10700902,2048,1808,1809,3617,108,113,217,9736,10079,19815,1085,1074,2162,10929,11273,22201
ILOC10701001,1513,943,898,1839,154,144,296,2956,3128,6091,803,747,1549,3912,4024,7940
ILOC10701002,653,436,507,947,99,89,184,1339,1551,2896,318,347,664,1760,1989,3742
ILOC10701003,989,675,688,1362,235,237,472,2920,3133,6052,522,526,1041,3674,3893,7565
ILOC10701101,4227,3235,3357,6594,168,171,343,14318,14582,28903,2152,2219,4372,16645,16975,33616
ILOC10701201,7628,5282,5983,11268,190,215,408,41457,42665,84123,3888,4065,7948,45534,46939,92478
ILOC10701301,4533,3055,3243,6295,132,113,244,18109,18307,36417,2335,2350,4689,20579,20772,41348
ILOC10701401,2955,2135,2214,4343,80,112,187,11463,11536,23001,1521,1542,3067,13068,13194,26259
ILOC10701402,1975,1380,1425,2808,56,63,123,8327,8351,16676,1006,1046,2049,9396,9458,18853
ILOC10701501,1075,717,771,1486,68,79,149,2401,2438,4837,554,569,1125,3025,3082,6111
ILOC10701502,2707,2032,2228,4260,570,579,1149,7850,8552,16400,1419,1449,2864,9834,10578,20408
ILOC10701601,3820,2174,2207,4379,86,97,191,6010,6550,12559,1945,1943,3889,8042,8595,16640
ILOC10701701,7872,5379,5453,10832,407,403,810,15132,15934,31070,4049,4069,8126,19594,20415,40006
ILOC10701702,3135,2340,2375,4718,192,186,373,12585,13135,25718,1673,1615,3287,14448,14930,29380
ILOC10701801,34,21,13,40,0,3,0,26,20,42,18,13,34,39,41,77
ILOC10701901,5628,3394,3253,6642,188,188,379,8974,9870,18844,2929,2792,5718,12087,12853,24942
ILOC10702001,8245,5147,5731,10877,203,202,403,24662,25362,50024,4153,4328,8482,29022,29887,58904
ILOC10702002,2286,1506,1692,3200,76,88,165,7578,7881,15457,1166,1207,2374,8822,9173,17992
ILOC10702101,4309,2692,2597,5292,40,45,86,6793,6673,13463,2240,2128,4368,9070,8847,17922
ILOC10702102,1783,1300,1331,2629,54,82,139,7455,7504,14956,914,922,1832,8423,8505,16927
ILOC10702103,1218,892,917,1804,98,78,175,5008,5045,10044,632,651,1275,5733,5766,11496
ILOC10702104,2285,1762,1731,3487,43,32,78,5765,5851,11620,1208,1180,2384,7016,7068,14083
ILOC10702201,1374,1643,1146,2789,443,340,783,4178,3966,8147,714,719,1433,5338,5030,10366
ILOC10702202,584,370,431,807,123,126,244,2909,3215,6125,290,324,612,3319,3665,6986
ILOC10702203,1487,1054,1064,2115,262,272,536,3228,3446,6679,775,759,1532,4264,4484,8748
ILOC10702204,1446,1028,1019,2049,317,342,660,4060,4335,8390,785,720,1507,5165,5400,10561
ILOC10702205,1684,1173,1251,2424,249,259,499,3000,3264,6264,854,887,1739,4104,4407,8502
ILOC10702206,1434,952,1029,1990,204,166,376,4415,4612,9031,717,776,1489,5339,5552,10895
ILOC10702207,375,295,497,793,75,146,220,1714,1885,3604,198,201,399,1992,2235,4226
ILOC10702301,489,293,326,614,93,77,168,687,719,1406,240,258,500,1027,1053,2079
ILOC10702302,8167,6495,4977,11470,519,309,829,20673,19744,40422,4239,4102,8344,25430,24160,49585
ILOC10702401,5585,3795,3844,7642,117,113,236,13821,13951,27772,2871,2864,5728,16810,16929,33739
ILOC10702501,4283,2770,2929,5696,197,224,414,12680,13098,25782,2233,2215,4445,15102,15535,30640
ILOC10702502,2595,1822,1922,3744,270,254,526,13890,14339,28228,1395,1360,2754,15551,15959,31508
ILOC10702601,6483,3744,3605,7352,192,210,406,9809,11736,21550,3349,3197,6549,13353,15152,28501
ILOC10702602,8928,5946,3770,9711,77,67,142,4289,4482,8774,5551,3412,8961,9913,7965,17882
ILOC10702603,7463,4451,4189,8639,114,128,244,9342,11612,20956,3928,3672,7596,13380,15415,28798
ILOC10702604,988,612,510,1127,21,30,53,874,885,1758,546,439,988,1444,1356,2802
ILOC10702701,2109,1409,1367,2779,46,62,109,5531,5677,11205,1125,1049,2175,6691,6794,13482
ILOC10702702,1556,1019,1076,2098,23,22,47,5364,5824,11184,776,816,1591,6165,6664,12822
ILOC10702703,4317,2522,2748,5277,70,80,152,10335,10964,21300,2140,2260,4402,12551,13308,25854
ILOC10702704,2306,1566,1337,2905,18,25,43,5567,5488,11059,1283,1072,2361,6876,6586,13459
ILOC10702801,4455,2675,2864,5539,67,51,124,14952,15332,30284,2254,2296,4549,17274,17675,34953
ILOC10702802,6480,3530,3821,7355,41,33,72,9043,10462,19507,3171,3372,6541,12252,13866,26121
ILOC10702901,1964,1424,1402,2828,321,314,638,5689,5882,11573,1073,1024,2101,7089,7219,14309
ILOC10703001,8146,5913,6048,11956,1079,1154,2230,26545,26776,53319,4366,4215,8580,31985,32147,64128
ILOC10703101,6269,3539,3687,7229,37,44,83,7195,7706,14902,3121,3234,6354,10355,10981,21334
ILOC10703102,4378,2291,2762,5052,38,41,83,5748,6605,12360,2064,2385,4448,7852,9034,16884
ILOC19499494,1804,2231,1127,3360,268,156,420,1459,901,2358,1090,727,1816,2819,1779,4593
ILOC19799797,32,21,33,46,0,7,5,18,40,53,9,18,32,29,62,93
ILOC20100101,3835,2992,3037,6029,75,69,141,11091,11501,22593,2058,2013,4073,13224,13585,26812
ILOC20100102,5223,4333,4173,8507,76,86,167,14145,14555,28697,2871,2699,5563,17087,17340,34423
ILOC20100201,4366,2998,3064,6062,142,172,319,11854,12586,24438,2267,2303,4570,14266,15067,29332
ILOC20100301,5025,3728,3877,7602,205,205,403,18169,19231,37398,2653,2625,5277,21026,22055,43082
ILOC20100401,5132,3716,3750,7466,139,142,282,14657,15581,30240,2683,2644,5325,17471,18375,35844
ILOC20100402,6759,5100,5139,10238,189,204,394,25755,26465,52220,3549,3504,7053,29494,30173,59666
ILOC20100501,6231,4100,4506,8603,97,107,210,17998,18725,36724,3172,3269,6435,21265,22103,43373
ILOC20100502,2264,1518,1618,3133,100,92,194,6533,7066,13597,1141,1218,2361,7773,8369,16148
ILOC20100503,4577,3024,3185,6213,164,141,305,8264,9030,17288,2330,2411,4747,10754,11583,22341
ILOC20100601,6677,5596,5212,10807,94,93,190,20230,19836,40067,3660,3309,6963,23985,23242,47224
ILOC20100701,4654,3370,3525,6894,152,173,329,18692,19250,37943,2429,2429,4861,21274,21856,43127
ILOC20100801,4762,3188,3111,6302,79,66,150,10805,10753,21555,2459,2418,4875,13345,13230,26578
ILOC20100802,5578,3657,4008,7666,81,74,158,14228,14991,29226,2832,2922,5759,17147,17990,35139
ILOC20100901,3766,2481,2848,5328,88,124,210,13390,13856,27241,1864,2049,3917,15343,16024,31369
ILOC20101001,4301,2623,2951,5571,44,36,76,12718,13250,25970,2172,2276,4442,14922,15565,30488
ILOC20101002,6741,4112,4377,8485,73,60,131,24933,25424,50362,3463,3530,6989,28468,29014,57488
ILOC20101003,12430,7455,7921,15375,91,115,203,30906,33264,64174,6250,6444,12698,37245,39826,77065
ILOC20101101,2780,1909,2114,4019,75,81,152,8308,8822,17136,1435,1463,2892,9813,10367,20183
ILOC20101102,3722,2496,2819,5318,42,42,82,15023,14991,30012,1845,2018,3865,16915,17047,33955
ILOC20101103,2138,1396,1409,2807,37,49,87,8457,8541,16997,1114,1155,2273,9616,9742,19356
ILOC20101104,1583,1078,1238,2308,69,72,140,6751,6741,13486,823,871,1691,7635,7681,15319
ILOC20101201,14055,8285,7967,16246,117,94,213,22781,27069,49853,7146,7098,14243,30051,34262,64312
ILOC20101202,9294,5191,5209,10399,53,74,125,8864,10033,18894,4713,4692,9407,13627,14797,28422
ILOC20101203,6979,4051,4189,8240,61,60,124,8505,10269,18775,3508,3607,7116,12070,13942,26008
ILOC20101301,6220,5191,4955,10142,307,281,584,18809,19545,38356,3213,3317,6525,22324,23138,45460
ILOC20101401,2862,1875,1965,3840,28,44,79,10615,10559,21174,1472,1486,2965,12116,12094,24216
ILOC20101402,2162,1406,1460,2867,27,28,61,9168,9302,18471,1134,1097,2231,10333,10424,20757
ILOC20101403,1772,1220,1322,2544,22,18,42,8061,7754,15819,880,947,1826,8964,8720,17680
ILOC20101501,3687,3115,2963,6079,77,94,167,8739,8837,17581,1973,1937,3912,10792,10863,21653
ILOC20101502,2689,1626,1667,3288,43,56,100,5880,6808,12686,1378,1373,2753,7301,8237,15542
ILOC20101503,2547,1620,1713,3334,50,58,109,6726,7138,13866,1317,1328,2644,8100,8520,16619
ILOC20101504,2707,2101,2082,4178,42,50,92,7248,6810,14057,1428,1400,2830,8721,8255,16975
ILOC20101601,1974,1305,1445,2748,90,106,197,4303,4662,8971,1001,1065,2060,5400,5833,11225
ILOC20101602,2971,2096,2295,4389,97,97,195,4872,5299,10169,1507,1576,3084,6476,6972,13449
ILOC20101603,2251,1486,1678,3162,50,66,119,7327,7629,14957,1159,1220,2384,8542,8917,17454
ILOC20101701,2701,1619,1765,3378,51,68,118,6080,6912,13000,1360,1440,2796,7485,8426,15915
ILOC20101702,5503,3716,3966,7683,135,150,289,12125,12625,24744,2809,2891,5704,15074,15664,30734
ILOC20101703,7453,5583,5911,11494,325,331,660,25395,26140,51537,3873,4002,7875,29595,30478,60072
ILOC20101801,2104,1407,1610,3012,31,23,54,9595,9986,19576,1027,1153,2176,10650,11165,21811
ILOC20101802,1255,854,974,1829,16,24,40,6216,6436,12653,622,664,1291,6860,7127,13981
ILOC20101803,1698,1189,1346,2537,31,17,50,7471,7402,14873,879,903,1778,8378,8316,16703
ILOC20101901,3692,2497,2630,5122,82,83,168,9544,10270,19807,1910,1931,3842,11531,12285,23814
ILOC20101902,4435,4376,3218,7596,259,146,405,15359,14679,30039,2355,2255,4608,17982,17078,35056
ILOC20101903,4863,3412,3561,6979,189,238,427,15392,16116,31506,2530,2553,5084,18111,18907,37016
ILOC20102001,5911,4062,4302,8364,247,336,579,17661,18501,36162,3100,3136,6239,21004,21970,42979
ILOC20200101,5507,3611,4040,7650,310,348,651,12686,13754,26443,2744,2986,5732,15737,17090,32829
ILOC20200201,2747,1802,1990,3791,106,102,209,5243,5974,11217,1387,1455,2843,6737,7530,14268
ILOC20200301,595,432,444,875,50,51,98,1324,1472,2802,306,331,634,1677,1857,3532
ILOC20200302,1004,720,761,1479,65,53,122,1540,1667,3202,510,516,1025,2113,2236,4354
ILOC20200303,1231,909,860,1767,44,45,89,3049,3086,6135,689,631,1325,3782,3769,7553
ILOC20200304,842,589,604,1196,62,67,129,1288,1383,2668,430,453,880,1781,1894,3676
ILOC20200305,1019,670,751,1420,55,55,117,2788,3104,5894,522,539,1059,3370,3702,7073
ILOC20200306,1273,923,1004,1922,83,83,163,2609,2905,5513,642,667,1312,3329,3661,6989
ILOC20200401,706,524,501,1026,29,33,56,1097,1152,2256,369,371,739,1496,1550,3046
ILOC20200402,738,555,632,1187,94,100,191,1339,1445,2786,366,416,781,1796,1962,3758
ILOC20200403,749,528,568,1093,46,43,96,1295,1298,2592,383,400,779,1722,1741,3461
ILOC20200404,1842,1371,1349,2723,91,89,183,2965,3135,6096,963,942,1905,4012,4163,8176
ILOC20200405,4195,3184,3025,6210,441,463,908,7289,7414,14700,2144,2192,4335,9876,10067,19949
ILOC20200501,4302,3698,3126,6825,205,166,365,6615,6397,13016,2217,2247,4463,9032,8812,17845
ILOC20200601,11260,8516,8222,16735,506,542,1048,28573,29273,57841,5731,5990,11717,34806,35803,70605
ILOC20200701,1185,728,900,1626,107,118,233,1322,1533,2858,559,669,1228,1992,2321,4313
ILOC20200702,1991,1444,1443,2891,143,153,292,2540,2812,5353,1080,1004,2081,3762,3966,7727
ILOC20200703,0,0,0,0,0,0,0,3,0,3,0,0,0,0,0,3
ILOC20200704,2665,2641,1842,4484,155,132,284,5006,4607,9605,1426,1352,2778,6585,6088,12672
ILOC20200801,1115,828,828,1653,61,57,120,2011,2210,4225,609,556,1165,2686,2830,5509
ILOC20200802,1078,739,765,1508,72,78,157,1309,1359,2667,568,554,1122,1949,1995,3942
ILOC20200803,2565,1579,1746,3325,78,110,188,4136,4607,8743,1250,1377,2629,5458,6102,11559
ILOC20200901,2548,1651,1783,3432,55,54,106,5540,5850,11389,1292,1386,2679,6888,7284,14173
ILOC20200902,1668,1112,1146,2252,68,84,158,3679,4007,7691,874,857,1732,4627,4949,9572
ILOC20201001,3640,2604,2581,5185,446,442,884,5554,6016,11572,1966,1817,3786,7973,8272,16239
ILOC20201101,1902,1366,1463,2826,73,57,127,3001,3351,6354,972,1016,1989,4045,4424,8477
ILOC20201102,1870,1239,1320,2557,49,60,108,2850,3137,5989,962,1007,1967,3861,4200,8062
ILOC20201201,4490,3279,3221,6500,185,166,352,10282,10520,20798,2457,2291,4751,12920,12982,25904
ILOC20201202,27,11,14,27,4,5,11,0,0,0,11,14,27,17,22,42
ILOC20201203,2086,2599,1518,4113,145,93,240,4422,3766,8188,1124,1087,2212,5692,4943,10635
ILOC20201301,570,424,384,807,36,34,69,795,874,1669,316,279,595,1149,1183,2328
ILOC20201302,690,515,519,1035,64,59,124,1050,1111,2166,356,363,714,1473,1533,3009
ILOC20201303,741,570,611,1182,53,63,116,1674,1678,3351,386,400,792,2110,2146,4252
ILOC20201401,862,592,596,1183,80,80,162,986,1032,2021,429,468,897,1494,1583,3076
ILOC20201402,410,303,277,575,48,49,97,361,367,730,222,210,434,637,625,1263
ILOC20201403,806,533,457,991,44,44,82,714,724,1435,458,373,834,1217,1139,2351
ILOC20201501,546,358,443,803,39,32,73,810,900,1712,258,315,573,1106,1247,2350
ILOC20201502,2675,1879,1858,3744,66,76,147,3554,3832,7386,1427,1358,2781,5050,5269,10320
ILOC20201601,2688,1813,1904,3716,128,126,258,4840,5000,9844,1405,1420,2825,6377,6549,12923
ILOC20201701,1991,1280,1416,2694,116,118,228,3568,4025,7593,996,1072,2072,4676,5214,9892
ILOC20201801,2368,1752,1859,3609,119,128,249,4638,4843,9476,1214,1284,2497,5970,6255,12228
ILOC20201901,2130,1659,1499,3154,88,90,172,3634,3787,7424,1131,1113,2236,4849,4988,9837
ILOC20201902,1566,1130,1317,2447,78,74,155,2926,3293,6215,796,850,1640,3798,4216,8011
ILOC20201903,1999,1376,1366,2740,206,240,443,4711,5016,9725,1065,1016,2080,5971,6271,12250
ILOC29499494,977,1310,734,2042,92,76,165,1075,793,1869,579,412,988,1743,1279,3025
ILOC29799797,3,3,0,3,0,0,0,0,0,0,3,0,3,6,0,6
ILOC30100101,2552,1882,1693,3573,269,279,550,4136,4412,8549,1352,1308,2665,5760,5997,11758
ILOC30100201,4882,2952,3018,5975,206,238,450,12836,13455,26292,2496,2530,5025,15545,16228,31768
ILOC30100202,7357,4348,3859,8210,108,115,224,9216,10189,19405,3956,3471,7426,13282,13772,27052
ILOC30100203,9275,5603,5780,11382,361,461,824,26000,28597,54594,4810,4725,9536,31167,33785,64952
ILOC30100204,3246,1938,1697,3630,62,80,138,5229,5674,10908,1753,1543,3296,7042,7299,14347
ILOC30100205,3949,2484,2494,4979,164,179,350,11672,12331,24000,2053,2010,4056,13890,14517,28407
ILOC30100206,2930,2118,2042,4162,306,327,626,9588,10094,19678,1598,1434,3034,11491,11853,23339
ILOC30100207,6902,5075,5506,10586,792,831,1622,24494,26453,50945,3619,3601,7228,28904,30891,59797
ILOC30100208,7172,5169,5150,10317,495,509,1000,27335,28391,55728,3786,3655,7443,31611,32553,64165
ILOC30100209,3412,2393,2542,4932,195,201,393,14729,15110,29836,1841,1760,3598,16764,17064,33825
ILOC30100210,1436,1069,1140,2205,157,155,309,2417,2541,4958,725,780,1511,3302,3479,6778
ILOC30100211,1282,3552,1336,4882,585,258,840,6180,4555,10733,681,666,1347,7444,5476,12923
ILOC30100301,8387,6992,6667,13659,1491,1331,2828,18889,20527,39416,4358,4416,8781,24746,26278,51017
ILOC30100401,4971,3394,3570,6966,458,496,954,11780,12833,24614,2570,2599,5169,14809,15924,30734
ILOC30100501,1679,1162,1150,2312,173,203,378,2393,2615,5007,910,853,1762,3474,3675,7150
ILOC30100601,1172,1129,828,1955,207,135,343,2360,2510,4868,594,630,1231,3166,3275,6441
ILOC30100602,1313,865,936,1805,167,185,352,2045,2183,4227,673,701,1379,2886,3074,5957
ILOC30100701,34386,21550,22538,44089,1708,1944,3651,62477,68311,130785,17507,17806,35314,81687,88062,169751
ILOC30100801,10316,7206,7044,14253,1826,1741,3567,22857,25100,47962,5374,5342,10718,30063,32185,62242
ILOC30100901,1277,932,910,1844,157,178,336,3698,4011,7713,692,644,1334,4550,4836,9379
ILOC30100902,1026,714,782,1494,193,178,370,1577,1723,3303,518,544,1058,2289,2444,4736
ILOC30100903,9281,6242,6489,12736,1026,1202,2233,22915,24877,47800,4790,4882,9675,28739,30967,59702
ILOC30100904,843,539,568,1111,93,85,182,1285,1290,2572,423,439,862,1801,1816,3618
ILOC30100905,2150,1407,1454,2861,222,238,461,3607,3896,7500,1095,1123,2216,4922,5262,10179
ILOC30100906,1055,876,803,1681,196,179,379,2414,2582,4998,572,526,1096,3185,3281,6471
ILOC30101001,9414,6027,6146,12174,650,747,1396,19518,22372,41886,4926,4821,9742,25092,27930,53026
ILOC30101101,2597,1858,1934,3796,144,166,306,5029,5545,10577,1396,1289,2680,6573,6995,13567
ILOC30101201,4471,3082,3123,6204,524,616,1140,13028,14217,27241,2325,2298,4624,15878,17128,33007
ILOC30101202,2542,1724,1658,3383,219,235,457,11470,12010,23473,1398,1285,2681,13093,13521,26615
ILOC30101301,2830,1985,2309,4292,320,324,645,5626,6309,11932,1405,1541,2943,7342,8183,15523
ILOC30101401,5232,3596,3780,7381,613,696,1308,16367,17349,33708,2698,2761,5460,19675,20804,40472
ILOC30200101,699,498,537,1037,166,181,350,1055,1126,2178,356,389,745,1577,1690,3270
ILOC30200201,1896,1151,1099,2246,234,230,463,2962,3348,6312,1001,950,1953,4200,4523,8726
ILOC30200202,1882,1114,991,2102,129,137,265,851,943,1790,1007,894,1903,1985,1973,3957
ILOC30200203,1321,811,800,1611,159,130,291,2442,2637,5081,699,657,1357,3298,3430,6725
ILOC30200204,876,544,550,1094,158,178,339,1410,1530,2940,447,459,906,2015,2170,4189
ILOC30200205,808,530,580,1108,288,351,645,1349,1428,2775,394,437,832,2033,2216,4250
ILOC30200206,1041,731,729,1453,538,532,1068,1913,2154,4065,535,537,1072,2983,3221,6200
ILOC30200207,350,278,293,570,153,217,373,566,621,1190,185,188,372,910,1020,1932
ILOC30200208,2629,1737,1803,3535,671,741,1415,1675,1958,3634,1329,1344,2672,3681,4040,7724
ILOC30200209,592,387,360,752,130,132,262,1379,1590,2965,325,289,613,1834,2018,3846
ILOC30200210,435,288,295,588,146,140,285,390,411,806,220,227,450,753,779,1534
ILOC30200301,198,108,147,254,55,47,98,101,124,228,93,117,208,243,293,535
ILOC30200302,1075,619,655,1276,80,86,170,692,710,1398,540,563,1107,1310,1366,2678
ILOC30200303,0,6,7,15,13,12,25,0,0,0,0,0,0,13,12,25
ILOC30200401,391,273,236,502,61,53,115,479,546,1026,226,193,418,759,792,1557
ILOC30200501,337,231,254,488,62,60,123,595,650,1246,160,190,353,824,901,1724
ILOC30200601,49,46,48,92,28,70,96,48,80,127,29,29,56,110,176,280
ILOC30200602,537,343,308,646,48,62,111,287,299,582,293,252,544,632,609,1236
ILOC30200603,11,8,8,21,9,15,17,11,8,15,5,3,13,20,21,43
ILOC30200604,80,47,48,93,26,23,44,57,61,112,47,37,80,125,119,242
ILOC30200701,721,516,509,1023,240,272,515,615,638,1254,402,353,758,1255,1269,2523
ILOC30200702,729,569,492,1061,109,139,247,930,958,1885,416,347,766,1462,1438,2901
ILOC30200801,1261,1758,753,2507,747,159,904,1425,1240,2670,686,597,1282,2860,1999,4858
ILOC30200803,47,31,36,67,48,48,96,25,37,58,27,31,51,97,113,204
ILOC30200901,676,475,474,954,234,202,440,579,675,1252,341,352,688,1145,1237,2384
ILOC30201001,90,56,57,108,0,0,0,39,48,89,49,44,94,85,89,179
ILOC30201002,0,7,8,13,24,27,44,0,3,4,0,0,3,24,25,52
ILOC30201101,14,68,79,144,419,432,851,10,4,11,8,6,10,432,442,874
ILOC30300101,18,31,32,58,150,168,313,3,3,7,15,6,22,165,179,344
ILOC30300201,282,210,155,359,39,34,74,117,109,231,168,127,292,325,272,595
ILOC30300202,6,28,29,60,45,58,105,6,3,9,0,4,6,58,67,119
ILOC30300203,30,33,11,41,18,8,30,0,0,6,26,3,30,46,12,58
ILOC30300301,257,178,152,326,52,92,142,110,131,238,149,116,260,311,334,645
ILOC30300401,26,50,30,83,147,112,262,4,3,6,18,5,26,167,122,293
ILOC30300501,3,22,20,42,109,105,213,9,3,10,0,3,3,116,110,232
ILOC30300601,23,73,65,134,109,108,208,5,3,10,12,14,23,124,117,241
ILOC30300701,3,4,4,15,31,35,68,3,4,4,0,3,3,36,45,76
ILOC30300702,3,30,12,37,135,119,257,3,0,4,0,0,3,146,120,261
ILOC30300703,331,225,190,412,148,152,300,305,339,643,184,154,345,634,653,1290
ILOC30300801,31,29,36,59,159,185,342,19,23,45,17,16,31,196,229,418
ILOC30300802,5,15,20,33,96,116,210,0,0,0,7,3,5,108,114,222
ILOC30300803,5,8,7,15,48,46,100,3,3,5,3,3,11,56,54,116
ILOC30300804,13,13,10,28,40,29,65,4,3,12,6,5,13,49,43,94
ILOC30300805,0,7,13,18,73,76,152,0,3,3,0,0,0,73,83,151
ILOC30300901,10,25,13,34,80,74,155,4,11,20,8,3,10,90,96,188
ILOC30400101,69,34,38,73,19,28,46,12,21,31,32,38,65,69,76,147
ILOC30400102,41,17,28,48,10,6,10,30,18,48,15,24,41,49,45,98
ILOC30400103,91,63,52,119,17,18,35,69,88,158,45,40,91,135,150,289
ILOC30400201,137,92,72,161,21,19,42,42,50,96,78,64,142,141,130,273
ILOC30400202,18,30,24,48,253,200,455,9,5,20,6,13,18,265,217,483
ILOC30400203,25,63,62,125,176,166,345,13,12,21,10,12,25,200,187,392
ILOC30400204,59,73,63,141,117,112,233,31,35,69,31,28,59,180,174,359
ILOC30400301,446,311,243,555,103,132,230,205,231,438,262,192,455,564,558,1121
ILOC30400401,21,14,23,39,14,19,35,8,3,16,7,16,22,32,37,66
ILOC30400402,1877,1224,1047,2272,502,538,1041,1527,1666,3194,1021,893,1917,3051,3097,6152
ILOC30500101,537,373,319,692,38,48,85,694,713,1415,311,245,552,1045,1009,2058
ILOC30500102,79,60,56,117,9,3,14,110,127,246,41,46,89,168,180,342
ILOC30500103,360,294,249,538,51,47,94,653,686,1342,197,172,371,901,903,1799
ILOC30500201,178,120,116,236,31,30,59,236,263,498,105,88,186,370,377,749
ILOC30500202,82,57,72,124,20,21,36,150,150,302,37,47,82,208,213,419
ILOC30500203,281,186,199,387,33,42,76,325,379,705,151,143,292,510,560,1070
ILOC30500301,2670,1857,1924,3777,447,464,910,4532,5021,9554,1393,1374,2762,6372,6858,13233
ILOC30500302,2659,1861,1737,3597,246,292,540,4284,4550,8839,1452,1307,2762,5989,6146,12137
ILOC30500401,446,338,210,556,53,61,117,431,459,886,287,164,456,777,684,1462
ILOC30500402,1180,833,541,1370,77,72,151,951,926,1879,732,465,1200,1758,1467,3226
ILOC30500403,1444,889,824,1711,70,100,172,1570,1661,3235,779,709,1486,2423,2469,4890
ILOC30500404,13,42,33,80,160,145,303,7,3,4,8,3,11,171,150,323
ILOC30500501,2119,2077,1349,3427,392,219,607,3249,3120,6371,1166,1015,2179,4806,4354,9158
ILOC30500502,2799,1949,2090,4037,387,401,788,4154,4796,8959,1420,1461,2883,5967,6663,12626
ILOC30500503,1211,910,949,1853,197,212,404,1965,2154,4122,643,614,1260,2806,2981,5788
ILOC30500601,2087,1378,1240,2620,259,284,547,3578,3997,7572,1136,1012,2149,4973,5298,10263
ILOC30500602,447,320,268,587,36,39,72,490,566,1055,241,217,453,768,816,1587
ILOC30500603,1356,912,819,1737,142,166,307,2457,2608,5063,769,664,1434,3369,3443,6808
ILOC30500701,444,324,157,483,21,23,43,254,246,504,309,146,454,587,410,1000
ILOC30500702,771,513,406,918,57,65,126,987,1071,2059,445,344,791,1486,1485,2972
ILOC30500703,1541,1118,637,1749,42,61,104,895,955,1852,1026,551,1572,1958,1566,3528
ILOC30500801,47,31,35,67,14,36,51,17,11,31,28,25,50,56,69,127
ILOC30500802,188,138,125,258,30,25,49,114,151,265,104,86,193,252,259,510
ILOC30500803,786,546,492,1038,61,74,129,719,766,1481,429,369,796,1205,1204,2413
ILOC30500901,621,430,386,815,192,220,415,1156,1381,2537,342,312,658,1689,1919,3606
ILOC30500902,228,175,146,316,51,75,127,195,221,424,136,112,240,385,401,790
ILOC30500903,3625,2630,2476,5108,761,895,1657,6330,6955,13285,2006,1731,3739,9103,9586,18687
ILOC30500904,1612,1689,895,2589,348,151,498,2454,2185,4642,962,712,1675,3763,3055,6817
ILOC30500905,367,267,223,491,58,64,120,532,540,1072,219,166,388,811,774,1583
ILOC30500906,941,645,535,1178,164,142,313,1489,1544,3037,550,430,978,2210,2117,4323
ILOC30600101,125,82,76,155,31,18,46,146,145,293,70,61,132,248,222,471
ILOC30600102,36,25,21,51,7,9,19,12,30,44,23,21,42,41,63,107
ILOC30600103,133,100,101,202,89,103,184,178,170,354,68,74,139,333,343,681
ILOC30600201,72,68,41,112,26,24,46,106,122,228,46,24,72,178,169,348
ILOC30600301,3,32,32,65,225,198,424,0,0,0,0,3,3,225,204,430
ILOC30600401,1856,1273,1201,2478,192,157,349,2308,2487,4800,1019,909,1922,3517,3550,7069
ILOC30600402,1037,762,911,1672,161,162,323,1987,2295,4280,520,561,1079,2670,3014,5683
ILOC30600501,579,417,418,838,161,157,320,975,1058,2036,314,294,606,1455,1507,2960
ILOC30600601,486,330,300,631,28,41,70,526,562,1094,260,233,497,817,840,1656
ILOC30600602,411,275,286,553,74,80,150,462,519,981,217,214,423,746,812,1558
ILOC30600603,558,421,394,820,74,71,142,1041,1072,2114,307,267,578,1419,1413,2830
ILOC30600701,317,208,172,381,26,35,63,416,455,880,181,160,339,621,656,1278
ILOC30600702,202,189,159,344,87,73,158,413,428,842,115,92,216,621,590,1211
ILOC30600801,339,285,200,486,35,31,65,522,494,1012,214,134,344,765,650,1420
ILOC30600802,38,35,26,58,31,17,44,66,60,123,19,18,41,115,94,210
ILOC30600803,647,448,426,879,94,97,193,651,733,1386,347,318,661,1095,1141,2240
ILOC30600901,215,147,152,307,104,82,185,232,281,514,113,119,233,445,482,933
ILOC30601001,233,185,196,385,113,93,205,340,368,705,115,132,249,560,589,1156
ILOC30601101,895,785,637,1422,143,123,267,1192,1266,2457,489,445,926,1817,1827,3646
ILOC30601201,91,78,81,157,67,92,164,72,79,149,49,52,99,184,220,408
ILOC30601301,657,521,502,1025,115,113,226,1497,1580,3069,386,330,718,1988,2027,4017
ILOC30601302,352,277,246,516,65,55,118,457,437,892,201,163,358,717,650,1368
ILOC30601401,561,432,491,927,174,180,350,1414,1511,2931,298,292,589,1886,1986,3874
ILOC30601402,593,421,413,833,71,73,147,948,1002,1949,333,296,630,1354,1376,2727
ILOC30601501,5816,3747,4165,7910,849,1023,1877,11664,13095,24758,2903,3079,5976,15416,17193,32610
ILOC30601601,691,502,422,923,83,104,189,2071,2124,4195,411,320,723,2567,2546,5109
ILOC30601602,558,437,383,819,86,126,212,1249,1417,2662,316,267,583,1658,1802,3461
ILOC30601701,741,497,472,966,67,55,116,1369,1492,2855,387,393,784,1821,1934,3757
ILOC30601702,405,231,241,475,34,36,65,239,295,534,214,209,421,485,536,1021
ILOC30601703,359,216,262,480,33,28,56,500,542,1043,166,204,370,697,774,1469
ILOC30601801,849,548,521,1071,80,72,151,840,885,1727,447,421,870,1372,1373,2752
ILOC30601802,474,325,249,577,26,31,58,364,376,736,292,194,488,685,601,1282
ILOC30601803,778,453,408,866,41,51,91,298,335,630,426,369,795,759,755,1521
ILOC30601804,504,359,314,671,67,53,126,847,888,1736,286,228,518,1203,1175,2373
ILOC30700101,10,12,16,23,31,52,83,0,0,0,3,3,10,37,58,94
ILOC30700102,31,37,32,68,84,81,162,3,10,16,15,15,31,106,104,207
ILOC30700103,7,30,20,51,29,21,52,4,0,3,9,0,10,39,28,63
ILOC30700104,172,169,182,348,248,273,518,71,77,147,87,82,170,409,430,838
ILOC30700105,35,64,62,125,170,174,346,12,6,17,13,22,35,195,205,399
ILOC30700201,15,29,24,49,44,60,105,0,3,6,6,6,15,58,69,121
ILOC30700202,3,16,19,38,31,42,75,0,3,6,0,3,3,29,51,81
ILOC30700203,8,21,22,51,100,75,173,3,3,3,4,7,15,104,85,193
ILOC30700301,10,12,14,29,115,122,234,8,5,15,3,8,10,128,136,259
ILOC30700302,3,8,8,20,41,27,66,0,0,0,3,0,3,37,27,68
ILOC30700303,0,3,3,10,36,40,71,0,0,0,0,0,0,36,40,71
ILOC30700304,0,12,12,20,36,38,77,0,0,0,0,0,0,36,37,78
ILOC30700401,4,20,13,32,51,55,109,0,0,0,4,3,7,55,54,111
ILOC30700402,0,0,3,3,24,30,54,0,0,0,0,0,0,20,31,54
ILOC30700403,0,4,0,4,36,41,76,0,0,3,0,0,0,39,46,77
ILOC30700404,0,4,8,17,35,36,71,0,0,0,0,0,0,39,43,78
ILOC30700501,0,17,21,39,54,54,106,0,0,3,0,0,0,58,58,111
ILOC30700502,6,47,42,81,90,80,169,0,0,0,8,0,7,98,87,179
ILOC30700503,0,0,0,0,16,10,28,3,0,4,0,0,0,22,13,30
ILOC30800101,1216,842,692,1535,168,172,344,967,986,1952,709,564,1275,1849,1719,3568
ILOC30800201,512,375,367,742,135,122,257,659,744,1407,262,261,520,1058,1130,2180
ILOC30800202,497,391,333,724,59,67,125,852,838,1694,283,243,521,1199,1140,2340
ILOC30800301,627,412,465,881,201,191,394,850,884,1741,303,349,649,1357,1431,2788
ILOC30800401,524,365,311,678,43,49,91,514,556,1068,288,250,539,843,854,1702
ILOC30800501,380,298,276,578,155,40,199,527,568,1101,218,186,401,901,798,1695
ILOC30800502,291,208,235,438,51,54,111,335,383,721,140,158,301,531,594,1125
ILOC30800601,5185,3780,2807,6585,772,944,1715,8299,9121,17423,3168,2141,5310,12238,12206,24443
ILOC30800701,961,733,538,1269,68,72,139,1267,1304,2572,586,415,998,1920,1787,3710
ILOC30800801,668,504,326,829,53,69,127,946,1015,1960,432,275,704,1435,1352,2790
ILOC30800901,27,58,46,102,306,282,583,8,19,21,20,7,27,328,305,632
ILOC30801001,2612,1683,1403,3084,111,126,231,1822,1997,3815,1467,1207,2669,3396,3324,6723
ILOC30801101,960,695,557,1249,143,146,290,1097,1171,2263,568,411,984,1808,1720,3535
ILOC30801201,3839,2590,2395,4979,1251,1338,2594,8120,9447,17565,2103,1884,3989,11471,12670,24146
ILOC30801301,6733,4473,3769,8239,1108,1219,2331,10966,12458,23424,3821,3070,6889,15896,16752,32641
ILOC30801401,501,336,285,622,46,54,99,533,603,1140,293,233,527,876,887,1762
ILOC30801402,529,1103,498,1597,463,135,601,908,721,1629,313,243,553,1679,1103,2786
ILOC30801501,667,434,385,822,75,64,136,570,580,1149,379,317,695,1022,955,1982
ILOC30801502,5,5,8,13,18,10,29,3,3,12,4,3,5,25,21,45
ILOC30801503,142,106,110,215,39,59,96,171,146,321,70,77,148,275,284,565
ILOC39499494,1706,1598,1045,2650,225,166,391,809,692,1499,1007,720,1732,2039,1581,3621
ILOC39799797,15,6,12,21,0,0,0,5,7,15,6,9,15,14,18,33
ILOC40100101,1933,1514,1032,2552,83,53,135,4073,4115,8188,1095,881,1973,5249,5045,10290
ILOC40100102,1087,724,719,1444,46,46,89,3705,3678,7384,579,556,1137,4329,4277,8612
ILOC40100201,1456,970,952,1925,43,42,80,4555,4892,9444,802,732,1538,5395,5667,11065
ILOC40100202,1413,989,1058,2046,70,94,164,4062,4531,8597,734,761,1494,4870,5381,10251
ILOC40100301,2027,1500,1435,2930,109,122,228,5085,5263,10347,1114,1028,2136,6306,6409,12718
ILOC40100401,206,168,167,333,40,42,84,386,357,744,114,105,220,535,512,1049
ILOC40100402,350,266,248,509,61,60,121,656,652,1312,196,176,371,915,882,1801
ILOC40100501,1284,1051,1055,2107,72,71,149,6529,6548,13081,701,667,1373,7305,7290,14602
ILOC40100502,1411,911,985,1891,50,46,99,4544,4659,9203,712,751,1466,5303,5461,10761
ILOC40100601,1248,873,890,1761,58,87,138,3263,3371,6636,668,632,1307,3983,4096,8081
ILOC40100602,804,605,656,1257,55,67,125,2695,2857,5557,409,418,830,3168,3349,6510
ILOC40100603,857,701,796,1495,60,78,137,2713,2898,5611,432,485,916,3207,3468,6672
ILOC40100604,1261,945,906,1849,124,106,226,3704,3983,7688,690,615,1305,4516,4707,9218
ILOC40100701,2575,1857,1927,3784,137,149,287,4180,4787,8968,1378,1322,2693,5692,6256,11950
ILOC40100801,1044,756,747,1499,77,96,172,2762,3120,5884,549,552,1101,3389,3765,7161
ILOC40100901,1673,1001,1146,2143,44,44,88,3630,4014,7640,824,879,1708,4497,4937,9430
ILOC40100902,2220,1541,1729,3272,114,112,228,6972,7727,14701,1139,1148,2291,8228,8990,17217
ILOC40101001,501,369,383,751,50,73,123,1010,1138,2152,280,260,542,1346,1471,2814
ILOC40101002,542,624,397,1022,62,37,93,920,750,1669,289,278,564,1274,1061,2335
ILOC40101101,1410,953,1055,2008,121,104,225,4321,4923,9246,711,751,1462,5155,5777,10931
ILOC40101102,1037,719,795,1514,58,71,131,3192,3389,6587,545,545,1088,3794,4006,7798
ILOC40101103,471,364,358,721,37,45,78,2688,2911,5595,265,241,504,2987,3192,6176
ILOC40101201,967,1136,799,1935,255,178,435,2244,2174,4417,528,490,1013,3024,2842,5872
ILOC40101301,67,45,50,90,22,24,44,37,60,98,33,40,68,89,116,210
ILOC40101302,389,304,309,614,31,26,60,694,746,1439,224,191,417,948,968,1916
ILOC40101303,0,0,0,3,18,23,40,0,0,0,0,0,0,18,23,40
ILOC40101401,3040,2231,2294,4524,291,335,627,10961,11694,22656,1586,1596,3184,12840,13623,26464
ILOC40101402,1428,859,1016,1877,112,118,229,1966,2139,4109,690,793,1490,2771,3050,5827
ILOC40101403,2285,1591,1653,3245,181,174,351,5628,6173,11807,1192,1219,2403,6997,7565,14562
ILOC40101501,1105,847,834,1684,162,189,346,2263,2455,4723,583,564,1147,3007,3208,6216
ILOC40101502,944,683,702,1386,112,130,246,3293,3469,6760,503,491,997,3915,4086,7999
ILOC40101503,1803,1463,1478,2938,281,286,566,3147,3349,6501,943,944,1891,4370,4582,8953
ILOC40101504,832,636,590,1218,81,81,160,2079,2283,4363,454,417,876,2610,2783,5391
ILOC40101601,1029,747,818,1565,167,194,366,2726,3034,5763,509,575,1079,3406,3804,7206
ILOC40101602,1372,1677,1265,2941,239,183,429,5321,5192,10508,715,718,1429,6273,6094,12371
ILOC40101603,1045,873,799,1675,103,105,208,3041,3009,6051,562,524,1085,3705,3638,7344
ILOC40101604,836,634,706,1338,67,60,125,2430,2564,4993,419,464,886,2922,3091,6009
ILOC40101605,495,353,367,721,65,76,142,1057,1169,2224,267,252,517,1386,1499,2884
ILOC40101701,554,418,422,834,54,55,110,907,947,1859,287,293,581,1257,1296,2554
ILOC40101801,1069,953,941,1889,107,135,246,3808,4099,7907,588,555,1144,4510,4787,9295
ILOC40101802,807,608,658,1260,73,94,166,2402,2678,5074,421,412,834,2892,3186,6077
ILOC40101803,1242,957,1005,1961,124,123,243,4262,4316,8572,644,657,1299,5026,5093,10116
ILOC40101804,1893,1421,1413,2840,226,223,447,6199,6557,12758,1029,947,1976,7451,7730,15179
ILOC40101901,1852,1968,1446,3415,166,123,289,4505,4070,8577,1025,931,1956,5695,5125,10821
ILOC40101902,1097,838,905,1744,129,118,248,2789,3181,5967,559,589,1155,3479,3884,7363
ILOC40102001,2611,1931,2114,4040,200,198,396,11256,11950,23210,1359,1384,2742,12814,13533,26344
ILOC40102101,1315,928,1031,1963,23,41,62,6136,6543,12674,680,708,1391,6839,7283,14127
ILOC40102102,1993,1370,1422,2790,60,87,142,8667,9474,18140,1061,1020,2085,9786,10582,20368
ILOC40102103,1467,914,990,1906,29,29,55,4858,5394,10253,751,761,1510,5631,6192,11824
ILOC40102201,818,578,595,1175,46,52,103,1586,1702,3280,443,419,861,2071,2172,4242
ILOC40102301,907,747,758,1508,92,93,188,1507,1467,2969,483,472,954,2081,2031,4115
ILOC40102302,22,15,15,32,18,17,35,17,23,37,13,9,22,48,54,97
ILOC40102303,416,372,347,720,35,34,68,852,882,1737,246,200,444,1124,1116,2240
ILOC40200101,31,32,41,69,70,58,130,0,0,0,15,18,36,86,80,166
ILOC40200102,3,8,0,14,19,11,29,0,0,0,3,0,3,15,11,33
ILOC40200103,6,11,21,31,34,48,79,0,4,3,0,7,6,35,57,97
ILOC40200104,4,11,12,23,18,20,41,0,0,3,0,4,4,17,26,49
ILOC40200105,27,25,20,50,28,24,60,3,3,3,15,14,27,41,38,86
ILOC40200106,3,8,3,6,12,13,22,0,0,0,0,0,5,14,12,29
ILOC40200107,18,21,29,50,40,33,78,0,0,0,6,14,18,43,48,94
ILOC40200108,3,12,24,32,34,41,69,3,3,5,3,3,3,35,44,80
ILOC40200109,19,18,19,35,58,58,117,10,5,15,6,13,19,74,77,150
ILOC40200110,0,0,0,0,0,0,0,0,0,0,0,0,0,0,0,0
ILOC40200201,241,159,159,321,37,45,84,106,127,231,127,118,240,272,288,557
ILOC40200202,0,0,0,4,5,4,11,0,0,0,0,0,0,5,4,7
ILOC40200301,11,13,13,29,18,25,36,3,0,3,9,5,11,24,28,55
ILOC40200302,0,12,8,19,13,9,23,0,0,3,0,0,0,15,16,29
ILOC40200303,332,241,122,365,24,18,39,96,93,187,216,111,329,334,216,557
ILOC40200304,57,41,35,71,10,9,19,28,22,52,36,21,57,70,51,124
ILOC40200305,293,246,119,364,22,19,43,450,470,913,210,94,302,684,578,1263
ILOC40200401,1636,1244,1213,2455,215,245,461,2929,3152,6083,841,845,1690,3991,4238,8229
ILOC40200402,44,39,46,88,20,30,49,88,98,186,23,22,44,129,145,278
ILOC40200501,3,18,31,51,28,32,66,0,0,0,0,7,3,30,37,66
ILOC40200502,493,889,362,1254,411,247,662,757,488,1241,264,251,516,1436,987,2419
ILOC40200503,80,53,45,102,12,12,21,87,61,146,39,38,82,141,110,248
ILOC40200504,215,170,184,348,121,143,262,270,276,544,107,109,220,496,525,1021
ILOC40200505,78,76,65,142,41,36,73,196,205,402,49,42,88,288,283,569
ILOC40200601,1219,930,942,1869,214,266,476,2270,2521,4790,633,647,1276,3112,3430,6540
ILOC40300101,199,131,156,287,61,77,133,154,179,336,101,110,209,316,361,679
ILOC40300102,0,19,26,50,35,46,81,0,0,0,0,0,0,35,46,81
ILOC40300103,5,30,27,59,42,38,74,33,34,68,3,4,5,78,66,149
ILOC40300104,57,65,50,113,34,34,63,50,63,114,31,26,59,115,123,236
ILOC40300201,871,882,657,1538,118,67,187,1747,1677,3428,473,448,913,2340,2188,4526
ILOC40300202,0,24,23,41,20,23,39,4,0,4,0,0,0,24,23,41
ILOC40300203,49,36,23,58,10,8,18,22,19,42,30,20,53,62,53,117
ILOC40300204,6,22,26,43,35,42,77,4,0,3,3,0,6,39,48,88
ILOC40300301,843,589,590,1176,144,149,294,1273,1439,2717,448,425,872,1872,2008,3881
ILOC49499494,292,403,220,625,62,62,126,305,213,517,184,114,302,552,393,946
ILOC49799797,0,0,0,0,0,0,0,0,0,0,0,0,0,0,0,0
ILOC50100101,494,445,313,762,266,211,476,240,260,497,270,233,508,776,699,1473
ILOC50100102,412,248,288,534,119,116,240,430,532,960,199,227,429,749,879,1628
ILOC50100103,42,36,28,61,29,20,55,0,4,4,21,17,42,51,39,98
ILOC50100104,535,342,350,691,216,234,445,443,431,875,268,294,560,924,953,1874
ILOC50100201,10,32,23,61,73,69,141,0,0,0,6,3,10,80,71,150
ILOC50100202,16,39,27,68,62,61,123,0,0,0,12,6,16,78,67,140
ILOC50100203,6,13,14,30,85,83,167,0,4,4,3,7,11,92,89,181
ILOC50100206,36,42,28,68,51,52,96,18,18,33,20,16,36,87,78,164
ILOC50200101,626,461,419,881,151,165,312,360,348,707,340,303,640,848,816,1667
ILOC50200102,0,5,0,6,38,26,66,0,0,0,0,0,0,44,26,64
ILOC50200201,159,115,76,189,34,22,61,15,14,34,102,59,159,158,96,252
ILOC50200202,108,69,51,118,15,15,29,31,17,52,56,47,108,98,78,180
ILOC50200301,203,142,125,261,10,5,14,187,224,404,113,96,204,303,324,626
ILOC50200302,61,47,39,88,28,38,60,44,45,83,38,24,64,111,104,210
ILOC50200303,288,212,180,392,35,37,76,243,276,518,160,133,290,435,446,882
ILOC50200401,826,527,538,1068,237,252,487,675,778,1449,429,422,857,1338,1453,2794
ILOC50200402,447,561,364,924,317,163,480,859,953,1816,246,216,463,1423,1327,2753
ILOC50200403,581,439,410,853,162,187,345,776,866,1638,333,273,605,1266,1328,2590
ILOC50200404,640,419,426,848,116,123,244,1224,1474,2699,345,332,679,1690,1925,3618
ILOC50200501,467,365,309,677,73,63,139,711,632,1343,267,223,492,1049,926,1972
ILOC50200601,18,5,15,22,5,9,7,0,0,4,6,15,18,12,24,33
ILOC50200602,188,145,94,235,55,49,102,27,18,45,122,74,188,198,140,342
ILOC50200701,0,8,4,11,29,26,57,3,4,5,0,0,0,30,29,64
ILOC50200702,152,118,74,190,15,6,24,87,88,178,93,56,153,197,158,353
ILOC50300101,911,642,605,1244,113,94,211,1008,1135,2147,509,447,957,1626,1681,3312
ILOC50300102,659,399,369,768,39,44,85,488,497,984,363,314,679,896,853,1751
ILOC50300201,84,52,57,114,29,40,66,50,56,107,45,44,82,124,136,265
ILOC50300202,0,0,0,0,0,0,0,0,0,0,0,0,0,0,0,0
ILOC50300203,107,78,35,113,4,0,11,17,18,37,78,36,111,100,53,152
ILOC50300204,284,214,146,364,32,24,56,279,287,566,170,112,290,485,431,908
ILOC50300205,0,0,0,0,16,7,27,0,0,0,0,0,0,16,7,27
ILOC50300206,35,27,33,63,11,18,25,40,41,78,22,22,39,69,79,150
ILOC50300301,2490,1754,1473,3228,421,435,861,3080,3280,6361,1385,1152,2536,4886,4873,9756
ILOC50300302,5,0,3,3,3,4,12,0,0,3,0,4,5,9,7,13
ILOC50300401,0,0,0,0,8,12,14,0,0,0,0,0,0,8,12,14
ILOC50300402,8,8,14,27,33,31,61,0,0,0,3,5,8,32,36,72
ILOC50300403,7,15,16,30,30,16,49,0,0,3,8,4,7,31,20,58
ILOC50300404,201,201,92,293,54,66,118,29,28,57,153,51,208,240,147,382
ILOC50300405,3,0,3,3,16,18,31,0,0,0,0,0,3,19,15,37
ILOC50300406,13,29,27,55,36,31,68,0,0,0,8,6,13,40,41,88
ILOC50300407,4,22,19,45,33,29,66,0,0,0,0,0,4,36,36,68
ILOC50300408,6,22,24,42,41,45,85,0,0,0,0,7,9,46,50,97
ILOC50300501,120,79,57,137,25,21,48,11,18,31,75,45,120,118,86,207
ILOC50300502,232,194,65,255,13,9,26,63,63,127,175,59,232,258,132,389
ILOC50300503,0,8,3,13,21,15,33,0,0,0,0,0,0,21,15,40
ILOC50300601,9,41,43,88,86,75,159,3,14,18,9,3,9,96,93,184
ILOC50300701,124,108,31,140,33,40,66,21,12,28,96,26,124,147,68,221
ILOC50400101,27,19,18,42,23,17,36,9,8,12,16,15,26,42,31,79
ILOC50400102,5,7,4,14,11,8,24,0,0,0,3,0,5,17,12,23
ILOC50400103,7,21,19,36,47,45,93,3,5,9,8,4,7,56,53,111
ILOC50400201,37,66,87,158,64,82,153,0,4,7,14,22,37,83,108,191
ILOC50400202,24,15,10,26,17,14,27,9,3,12,16,12,24,38,29,60
ILOC50400203,3,23,34,57,37,49,83,0,0,0,0,3,3,36,54,88
ILOC50400204,11,32,31,57,39,33,70,0,0,0,4,4,11,43,34,82
ILOC50400205,15,18,16,28,13,10,23,0,0,0,8,7,15,22,22,42
ILOC50400301,139,126,117,242,121,122,242,20,20,35,74,62,139,216,203,416
ILOC50400302,10,14,19,37,37,40,81,0,0,0,3,5,10,41,45,88
ILOC50400303,22,19,39,63,24,39,61,0,0,0,8,14,22,38,53,91
ILOC50400401,28,47,38,88,78,53,139,3,0,5,13,11,28,101,71,166
ILOC50400501,4,11,18,31,52,59,116,0,9,14,0,4,4,55,77,129
ILOC50400601,463,329,323,658,162,197,357,300,338,639,251,225,477,714,760,1473
ILOC50400602,0,3,4,5,14,29,48,0,0,0,0,0,0,14,29,48
ILOC50400603,0,0,0,0,0,0,0,0,0,0,0,0,0,0,0,0
ILOC50400701,103,65,66,134,33,39,73,63,86,150,55,47,103,145,170,322
ILOC50400702,44,26,28,55,12,17,27,0,0,7,22,29,44,31,45,83
ILOC50400801,64,40,56,92,54,63,114,17,23,38,25,39,62,96,119,215
ILOC50500101,1020,747,792,1544,115,131,249,1342,1466,2808,518,526,1042,1971,2127,4101
ILOC50500102,1492,1096,956,2058,75,111,187,4931,5425,10355,844,697,1539,5847,6241,12091
ILOC50500103,630,453,462,919,53,61,110,1091,1217,2314,351,293,640,1492,1569,3057
ILOC50500104,466,336,331,662,77,97,168,1405,1364,2770,244,236,476,1722,1696,3415
ILOC50500105,192,149,157,313,24,48,71,476,536,1012,110,94,199,604,675,1279
ILOC50500201,654,468,479,947,74,62,136,1651,1688,3340,344,335,679,2068,2083,4157
ILOC50500301,1330,988,964,1946,86,82,167,3577,3589,7162,723,659,1383,4382,4336,8716
ILOC50500302,1763,1245,1277,2519,67,91,156,3631,3836,7463,917,877,1792,4615,4801,9417
ILOC50500401,1131,799,685,1483,54,51,105,1500,1463,2965,622,523,1146,2181,2042,4215
ILOC50500402,706,459,413,871,44,42,90,869,896,1763,375,336,712,1292,1270,2564
ILOC50500403,443,266,310,575,22,17,44,824,804,1631,205,240,450,1057,1066,2118
ILOC50500404,1144,699,604,1303,49,50,97,1067,1047,2114,628,539,1165,1746,1633,3380
ILOC50500501,1135,864,884,1751,52,60,117,6636,6549,13188,637,569,1203,7328,7182,14509
ILOC50500502,2016,1423,1249,2671,102,107,202,5570,4862,10433,1101,954,2053,6774,5918,12687
ILOC50500503,242,199,162,357,19,16,38,1428,1547,2978,145,110,256,1599,1678,3277
ILOC50500601,1164,807,768,1578,78,85,165,3097,3274,6368,619,597,1211,3789,3948,7740
ILOC50500602,1568,1075,924,1999,45,44,87,1997,2425,4427,911,697,1601,2949,3171,6118
ILOC50500603,1580,1115,1054,2162,124,117,244,5354,5481,10837,866,776,1641,6345,6376,12718
ILOC50500604,359,257,233,490,29,36,63,523,617,1143,194,186,380,745,838,1589
ILOC50500605,804,554,572,1127,55,40,96,1121,1336,2460,423,397,827,1601,1778,3383
ILOC50500701,2422,1576,1613,3189,103,77,183,3746,4453,8193,1253,1212,2466,5101,5738,10839
ILOC50500801,301,249,226,467,43,32,75,909,904,1811,164,150,313,1114,1084,2202
ILOC50500802,873,1677,630,2308,324,32,362,5669,4996,10666,500,404,910,6495,5435,11937
ILOC50500803,1321,944,952,1897,128,152,287,2245,2315,4560,688,667,1358,3060,3138,6195
ILOC50500804,267,239,211,449,49,36,93,1184,1156,2342,143,129,274,1374,1333,2708
ILOC50500805,220,200,162,362,39,46,82,711,687,1395,129,101,229,876,832,1711
ILOC50500806,202,182,146,325,18,31,45,766,760,1528,116,93,213,902,874,1779
ILOC50500807,654,571,539,1106,82,86,167,1560,1696,3257,365,303,672,2011,2088,4097
ILOC50500808,758,604,547,1153,65,113,183,2771,2914,5683,423,365,788,3255,3396,6652
ILOC50500901,1690,1289,1124,2413,75,81,154,7346,7629,14981,998,776,1770,8421,8481,16901
ILOC50500902,3141,2196,2082,4277,105,143,245,12602,12903,25508,1768,1540,3309,14473,14588,29062
ILOC50501001,600,416,428,839,83,57,138,1253,1388,2640,314,295,612,1649,1747,3393
ILOC50501002,729,502,460,958,61,55,119,1298,1434,2734,397,351,749,1758,1841,3591
ILOC50501003,1245,924,891,1814,62,122,189,4085,4341,8430,684,608,1296,4833,5074,9909
ILOC50501101,1422,1026,982,2011,156,129,282,1914,2224,4136,766,690,1453,2832,3038,5871
ILOC50501102,875,1563,530,2092,406,79,487,3101,2505,5604,494,407,908,4004,2993,6996
ILOC50501201,2210,1520,1668,3189,66,69,136,6994,7611,14606,1156,1134,2298,8223,8817,17039
ILOC50501202,1428,1066,1079,2147,108,78,183,6256,6157,12411,771,712,1485,7138,6945,14079
ILOC50501301,1328,2830,884,3712,642,96,743,4863,3755,8619,757,626,1381,6267,4476,10744
ILOC50501302,349,243,271,520,64,64,124,728,823,1550,191,174,362,975,1065,2043
ILOC50501401,5434,3235,2868,6102,58,68,120,5501,6010,11515,2914,2574,5490,8472,8651,17124
ILOC50501402,4303,2735,2787,5516,116,130,244,12887,12991,25873,2230,2194,4428,15228,15314,30544
ILOC50501501,2635,1834,1799,3635,268,316,582,5245,5683,10928,1411,1301,2710,6926,7298,14223
ILOC50501502,1591,1085,1046,2132,67,97,164,2372,2470,4842,854,793,1646,3295,3354,6647
ILOC50501503,3138,2034,1822,3863,148,150,294,6982,7742,14727,1743,1489,3234,8867,9385,18254
ILOC50501601,1300,1264,826,2088,138,116,262,3419,3273,6692,723,619,1347,4278,4019,8301
ILOC50501701,2337,1449,1523,2970,156,102,260,5596,5514,11103,1208,1186,2395,6958,6801,13756
ILOC50501702,2427,1717,1749,3466,89,125,211,4305,4631,8935,1300,1160,2462,5699,5919,11610
ILOC50501801,3514,2275,2358,4636,107,95,205,8888,9394,18285,1839,1769,3612,10842,11261,22105
ILOC50501802,2335,1691,1857,3547,115,137,257,6280,6842,13121,1198,1224,2415,7584,8200,15791
ILOC50501803,1153,819,795,1614,68,61,133,2103,2145,4245,613,579,1194,2788,2783,5573
ILOC50501804,4604,3029,3190,6220,108,131,237,8941,9526,18467,2364,2334,4702,11413,11992,23399
ILOC50501901,616,511,461,973,89,65,157,2671,2809,5477,346,297,644,3105,3177,6283
ILOC50501902,1069,839,773,1608,143,139,283,2708,2810,5523,591,525,1118,3445,3475,6916
ILOC50501903,139,104,82,180,16,21,41,155,166,321,74,65,138,249,249,499
ILOC50501904,1900,1254,1609,2860,104,299,399,4002,4469,8471,1000,950,1958,5110,5722,10828
ILOC50501905,1271,933,1000,1933,161,163,321,3826,4058,7882,695,651,1342,4680,4870,9547
ILOC50501906,429,361,338,699,34,29,55,987,854,1838,223,218,442,1238,1099,2333
ILOC50501907,413,293,346,633,28,32,64,435,558,994,206,211,425,672,807,1476
ILOC50501908,452,296,296,591,72,85,156,595,549,1143,234,234,472,905,863,1769
ILOC50501909,290,223,209,437,49,59,109,882,873,1758,165,142,306,1094,1071,2169
ILOC50502001,4084,3197,3099,6293,305,298,597,15042,15947,30994,2262,2008,4267,17606,18253,35860
ILOC50502101,4519,3023,3139,6158,281,271,553,9738,10193,19923,2352,2316,4672,12373,12779,25147
ILOC50600101,1180,1015,211,1219,17,5,22,137,41,179,979,204,1182,1133,250,1381
ILOC50600102,18,22,14,37,54,48,105,0,0,0,9,5,18,64,58,119
ILOC50600103,0,3,3,3,19,20,43,0,0,0,0,0,0,19,27,45
ILOC50600104,3,0,0,5,8,3,12,0,0,0,0,0,3,13,6,15
ILOC50600105,13,15,10,27,15,14,25,13,9,15,11,3,13,38,26,60
ILOC50600106,633,473,272,748,113,101,219,405,463,869,418,226,644,934,790,1724
ILOC50600107,9,10,16,24,18,19,37,3,6,10,4,6,9,25,28,58
ILOC50600108,7,6,3,12,19,18,36,3,3,4,3,4,7,27,25,48
ILOC50600109,0,0,3,3,26,18,40,0,0,0,0,0,0,26,16,42
ILOC50600110,3,7,0,6,21,12,34,0,0,0,0,0,3,22,12,37
ILOC50600201,1832,1630,371,1995,58,53,111,631,474,1107,1530,317,1845,2219,842,3066
ILOC50600202,87,60,58,118,21,27,49,50,57,108,49,39,89,119,125,249
ILOC50600203,131,98,54,158,30,20,49,162,151,314,93,44,133,278,213,493
ILOC50600204,201,150,105,254,45,40,92,276,252,523,126,85,211,441,381,822
ILOC50600301,1565,1121,851,1970,316,303,621,1631,1609,3236,927,681,1606,2872,2592,5467
ILOC50600401,3,16,16,38,27,30,54,0,0,0,3,0,3,25,31,55
ILOC50600402,105,92,36,131,22,26,52,36,21,62,75,25,104,136,78,215
ILOC50600403,496,353,258,611,35,39,75,404,441,844,290,222,513,732,706,1436
ILOC50600404,1295,823,752,1572,333,309,642,674,794,1467,690,620,1306,1700,1721,3423
ILOC50600405,3,0,3,3,0,0,0,0,0,0,0,3,3,0,3,3
ILOC50600501,37,192,53,242,190,50,242,149,107,258,19,18,43,356,180,540
ILOC50600502,372,325,60,384,8,11,16,172,140,317,314,56,372,496,211,704
ILOC50600503,15,9,12,26,13,25,39,6,4,6,7,5,10,22,36,59
ILOC50600504,31,26,29,58,54,50,101,11,7,17,17,13,30,80,76,154
ILOC50600505,230,214,61,276,51,44,95,121,130,253,199,40,235,365,216,588
ILOC50700101,930,641,691,1334,113,110,223,1570,1750,3319,472,490,960,2157,2346,4502
ILOC50700102,853,1056,565,1625,286,79,368,2409,2192,4599,476,429,905,3170,2703,5875
ILOC50700201,1409,1408,838,2251,111,96,213,2032,1664,3701,779,676,1451,2927,2438,5360
ILOC50700202,98,65,67,134,10,20,26,66,72,136,50,47,99,126,138,261
ILOC50700203,100,68,68,139,17,14,30,104,120,225,54,46,100,172,184,352
ILOC50700204,54,32,33,68,7,8,18,31,35,69,26,22,56,72,66,139
ILOC50700205,233,161,154,314,16,22,39,225,233,459,123,115,239,365,367,730
ILOC50700301,922,608,618,1228,37,46,85,1419,1562,2981,483,465,943,1934,2075,4012
ILOC50700302,230,167,147,314,24,44,70,424,436,862,132,103,236,588,582,1170
ILOC50700303,178,446,121,564,120,21,144,603,436,1039,89,96,177,813,554,1367
ILOC50700304,357,248,254,503,47,57,97,411,473,887,193,177,374,650,709,1356
ILOC50700305,241,155,184,344,43,42,86,270,271,544,121,128,242,430,446,874
ILOC50700401,2108,1458,1466,2921,127,135,259,3926,4302,8231,1127,1055,2190,5181,5495,10673
ILOC50700501,316,210,203,419,48,50,100,506,469,977,174,160,328,726,677,1406
ILOC50700502,319,247,165,411,15,23,42,241,211,449,202,124,326,457,360,816
ILOC50700601,1689,1112,1076,2186,121,134,257,3060,3188,6246,902,853,1749,4081,4170,8248
ILOC50700701,245,157,151,305,30,24,50,185,194,381,125,125,250,343,339,680
ILOC50700702,313,213,195,413,32,30,64,311,383,700,170,146,323,516,562,1079
ILOC50700703,99,67,66,138,28,29,56,79,73,146,55,54,111,155,156,311
ILOC50700801,293,211,145,352,27,23,58,215,232,451,181,119,300,425,382,810
ILOC50700802,373,250,234,486,49,38,82,319,364,683,196,199,392,563,603,1162
ILOC50700901,4502,3239,3087,6326,337,355,696,8659,9715,18369,2452,2164,4618,11447,12241,23688
ILOC50701001,863,643,574,1210,56,49,102,1124,1064,2182,452,435,889,1634,1546,3177
ILOC50701002,683,431,472,901,73,61,133,881,948,1827,345,360,700,1299,1365,2662
ILOC50701101,1129,792,679,1465,69,76,144,1366,1425,2794,629,534,1161,2058,2041,4101
ILOC50701102,199,136,134,267,39,46,87,216,219,433,104,102,203,356,367,724
ILOC50701201,210,143,113,261,20,12,24,240,259,500,126,96,222,381,367,745
ILOC50701202,724,488,447,936,61,62,122,953,1113,2065,399,355,751,1410,1527,2938
ILOC50701203,383,244,260,502,24,25,49,382,408,795,194,211,405,604,641,1244
ILOC50701301,486,317,305,621,64,75,139,424,372,799,255,253,506,742,706,1447
ILOC50701302,846,594,555,1145,92,91,185,852,994,1846,459,418,874,1403,1507,2909
ILOC50701401,513,371,358,726,85,107,196,619,658,1274,269,264,533,976,1029,2004
ILOC50701501,974,668,621,1291,44,38,82,1527,1595,3123,532,474,1004,2103,2105,4212
ILOC50701502,517,355,351,701,16,18,40,689,758,1446,261,269,533,970,1048,2016
ILOC50701503,1592,1084,1006,2092,125,144,272,3701,4172,7870,867,781,1650,4688,5103,9789
ILOC50701504,617,442,467,913,63,72,135,856,908,1763,329,311,632,1243,1285,2527
ILOC50701505,484,292,310,598,13,21,38,528,574,1105,245,253,495,790,849,1633
ILOC50800101,269,227,250,476,215,214,431,133,162,292,130,143,268,480,514,994
ILOC50800102,0,0,0,0,12,17,26,0,0,0,0,0,0,12,17,26
ILOC50800103,3,18,13,29,45,64,112,0,0,0,3,0,3,49,64,115
ILOC50800201,106,58,73,130,29,23,50,20,20,40,47,61,111,94,106,201
ILOC50800202,8,9,8,12,7,4,11,0,7,6,3,0,8,14,13,22
ILOC50800203,20,21,19,42,41,46,86,3,4,8,10,11,20,57,55,113
ILOC50800204,3,0,4,3,14,8,20,0,0,0,0,3,3,14,9,23
ILOC50800205,7,11,15,23,45,69,116,0,3,3,3,4,7,51,74,128
ILOC50800301,0,20,13,26,60,57,114,0,0,0,0,0,0,60,57,118
ILOC50800302,3,0,0,3,6,6,10,0,0,0,0,0,3,7,8,12
ILOC50800303,6,10,10,15,23,27,50,3,3,3,4,0,5,34,34,62
ILOC50800304,0,0,0,0,6,11,16,0,0,0,0,0,0,6,11,16
ILOC50800305,0,11,5,17,19,10,28,0,3,3,0,0,0,19,14,30
ILOC50800306,3,4,6,5,23,28,52,0,0,3,3,6,3,23,31,56
ILOC50800307,5,7,4,10,22,34,59,3,0,3,5,0,5,30,34,62
ILOC50800308,0,4,3,12,36,30,68,0,0,0,0,0,0,36,30,68
ILOC50800401,0,5,3,7,15,11,27,0,0,0,0,0,0,15,9,27
ILOC50800402,4,3,0,4,10,12,27,0,3,3,3,0,4,16,19,35
ILOC50800403,7,6,12,17,68,63,134,0,0,0,3,3,7,72,63,137
ILOC50800404,53,186,53,244,177,47,228,20,22,47,32,24,55,234,96,327
ILOC50800405,0,8,0,8,23,21,42,0,0,0,0,0,0,23,21,42
ILOC59499494,802,982,607,1592,194,162,363,553,332,881,466,341,812,1215,838,2049
ILOC59799797,72,70,8,75,0,0,0,22,0,22,67,8,68,87,6,94
ILOC60100101,1170,907,1000,1902,288,315,600,2460,2769,5234,590,631,1221,3337,3713,7049
ILOC60100102,774,670,735,1408,243,231,475,1687,1850,3533,406,399,808,2334,2478,4812
ILOC60100103,154,107,119,226,42,33,78,225,271,489,87,79,163,351,385,732
ILOC60100201,257,191,183,381,21,17,41,344,357,702,134,132,265,502,516,1016
ILOC60100202,116,115,89,205,19,29,46,161,176,344,68,46,116,250,248,499
ILOC60100203,528,418,438,856,91,98,187,1056,1052,2109,280,295,575,1426,1444,2867
ILOC60100204,513,394,408,795,27,44,69,870,965,1830,267,264,525,1163,1271,2432
ILOC60100205,326,262,251,516,54,62,112,622,631,1249,176,172,355,855,861,1714
ILOC60100301,857,662,722,1387,304,293,600,1721,1801,3519,451,478,930,2474,2575,5045
ILOC60100302,2012,1892,1602,3497,433,354,789,6145,6131,12274,1046,1100,2140,7629,7583,15210
ILOC60100303,2453,1719,1912,3631,403,448,848,4795,5213,10005,1260,1325,2587,6457,6984,13437
ILOC60100304,2589,1603,1583,3189,144,140,285,6864,7126,13990,1361,1307,2670,8375,8567,16944
ILOC60100401,63,42,52,95,36,30,67,86,66,155,30,37,66,147,131,283
ILOC60100402,41,33,31,66,19,19,41,43,55,100,19,18,37,81,90,175
ILOC60100403,791,581,571,1156,224,224,446,1304,1418,2717,417,416,830,1943,2049,3993
ILOC60100501,1298,951,945,1898,238,226,464,4310,4544,8851,717,664,1380,5263,5433,10699
ILOC60100601,3680,2506,2680,5190,437,452,894,7442,7696,15138,1846,1977,3822,9727,10122,19849
ILOC60100701,356,239,290,526,35,34,75,942,980,1921,175,196,370,1157,1211,2364
ILOC60100702,346,264,255,520,62,54,111,600,591,1187,179,183,365,842,818,1666
ILOC60100703,607,463,461,921,76,80,150,1024,1081,2103,321,313,633,1416,1470,2887
ILOC60100801,368,295,268,562,36,55,90,463,497,962,200,173,372,699,726,1428
ILOC60100802,373,302,273,575,37,35,75,630,657,1282,202,183,389,872,880,1748
ILOC60100803,37,39,34,74,18,10,31,56,54,109,21,12,37,103,76,180
ILOC60100804,499,351,343,693,58,62,119,609,695,1305,276,246,519,942,1000,1942
ILOC60100901,299,221,217,439,47,36,85,265,276,540,151,157,305,466,467,931
ILOC60100902,716,496,540,1037,105,105,218,1372,1533,2912,365,382,747,1846,2021,3870
ILOC60100903,240,145,166,310,16,19,38,156,174,338,121,128,251,304,320,623
ILOC60101001,839,659,719,1376,227,287,517,1843,2124,3960,446,456,903,2519,2861,5379
ILOC60101002,580,438,442,878,240,242,477,770,766,1531,308,307,615,1315,1314,2629
ILOC60101003,163,143,119,262,58,56,110,352,343,698,99,79,182,510,473,984
ILOC60101004,513,393,411,806,140,133,275,867,931,1795,268,268,533,1269,1329,2599
ILOC60101005,254,199,184,384,51,51,104,357,341,699,141,132,277,548,527,1074
ILOC60101101,490,399,398,796,97,64,161,934,976,1909,255,247,509,1287,1290,2577
ILOC60101102,1117,786,801,1593,125,129,255,2681,2920,5599,603,575,1171,3401,3625,7025
ILOC69499494,92,119,61,181,13,9,20,95,79,174,58,31,91,165,121,285
ILOC69799797,4,4,0,4,0,0,0,0,4,6,4,0,4,3,4,7
ILOC70100101,401,268,271,536,126,144,275,317,364,686,219,200,413,666,710,1373
ILOC70100102,466,284,285,568,144,135,279,390,471,859,235,238,475,764,846,1618
ILOC70100103,223,140,134,269,25,18,41,118,134,252,118,113,227,261,268,528
ILOC70100104,49,31,26,57,3,0,3,38,33,71,22,28,49,64,61,125
ILOC70100105,398,256,282,537,188,204,391,459,540,996,195,211,407,845,949,1793
ILOC70100106,426,249,277,523,47,73,125,338,397,737,209,220,425,594,697,1286
ILOC70100107,477,264,297,560,116,96,210,434,514,954,243,246,494,798,861,1654
ILOC70100108,0,0,0,0,0,0,0,7,8,15,0,0,0,7,8,15
ILOC70100109,0,9,10,24,36,39,70,0,0,0,0,0,0,36,36,68
ILOC70100201,9,6,17,19,10,18,26,0,0,0,0,3,9,12,25,33
ILOC70100202,17,39,26,70,48,40,91,0,3,3,14,3,17,64,49,110
ILOC70100203,3,19,26,46,43,44,85,0,0,3,4,3,3,43,52,91
ILOC70100204,0,4,0,3,17,8,24,0,0,0,0,0,0,17,8,24
ILOC70100205,3,4,3,11,3,3,9,0,0,0,0,0,3,4,4,12
ILOC70100206,0,7,3,10,23,17,42,0,0,0,0,0,0,23,17,42
ILOC70100207,0,14,8,24,19,27,40,0,0,0,0,0,0,18,27,42
ILOC70200102,35,19,29,52,81,83,162,0,6,3,15,20,35,92,102,199
ILOC70200103,96,597,117,717,522,83,607,48,8,61,47,47,96,620,148,765
ILOC70200104,3,18,13,33,31,37,69,0,0,0,4,3,3,37,42,80
ILOC70200201,11,18,21,36,93,76,165,0,3,6,9,3,11,96,81,182
ILOC70200301,6,5,9,12,5,10,20,6,3,7,8,0,12,19,17,32
ILOC70200302,4,3,4,12,0,8,4,3,5,3,3,3,3,4,14,15
ILOC70200303,4,12,29,40,43,46,87,0,0,0,0,4,4,47,50,89
ILOC70200304,3,5,13,15,15,24,40,0,0,0,0,3,3,15,24,36
ILOC70200305,0,3,3,3,24,21,51,0,0,0,0,0,0,24,21,51
ILOC70200306,0,6,0,8,9,9,22,0,0,0,0,0,0,8,9,24
ILOC70200401,11,7,3,13,32,23,51,0,0,3,7,4,11,36,30,66
ILOC70200402,17,13,8,22,3,4,3,0,0,5,14,3,17,13,8,22
ILOC70200501,7,6,13,19,30,36,66,8,7,10,4,3,7,38,47,85
ILOC70200502,27,29,20,47,22,24,44,14,13,21,20,5,27,53,38,90
ILOC70200503,0,4,0,4,22,9,33,0,0,0,0,0,0,22,9,33
ILOC70200601,5,11,4,21,32,20,53,0,0,4,7,0,5,46,21,64
ILOC70200602,0,8,4,14,23,32,52,0,0,0,0,0,0,30,29,61
ILOC70200701,14,26,60,85,81,104,183,0,0,0,0,9,9,81,115,199
ILOC70200801,32,37,34,76,44,57,103,4,3,6,22,14,32,71,71,139
ILOC70200802,45,27,34,60,10,12,20,10,4,9,24,24,45,32,48,85
ILOC70200901,3,25,27,49,30,40,68,0,0,0,3,0,7,33,42,75
ILOC70200902,222,165,132,295,50,68,115,64,78,145,127,93,226,240,239,480
ILOC70201001,0,3,3,10,34,34,66,0,3,3,0,0,0,37,39,72
ILOC70201002,12,11,0,11,7,0,9,7,3,6,7,0,12,18,9,26
ILOC70201101,19,23,25,57,65,56,124,3,0,3,6,12,20,77,69,145
ILOC70201102,0,3,4,10,16,17,35,0,0,0,0,0,0,16,17,35
ILOC70201201,0,8,4,15,7,11,15,0,0,0,0,0,0,7,11,15
ILOC70201202,3,3,0,4,11,3,15,0,0,0,0,0,3,10,5,21
ILOC70201203,0,9,12,20,16,25,38,0,0,0,0,0,0,16,25,38
ILOC70201204,8,8,9,20,64,69,138,3,3,7,4,4,8,75,76,149
ILOC70201301,3,14,24,42,59,78,129,3,0,4,0,0,3,56,82,142
ILOC70201302,0,0,0,0,0,0,0,0,0,0,0,0,0,0,0,0
ILOC70201401,6,12,10,21,24,28,50,0,3,4,3,3,6,31,29,57
ILOC70201402,7,47,42,88,58,52,110,0,0,0,0,0,7,62,55,115
ILOC70201403,11,95,87,173,91,78,176,8,3,12,7,9,11,110,94,201
ILOC70201404,0,3,4,7,21,17,33,0,0,0,0,0,0,21,17,33
ILOC70201501,0,7,11,16,40,42,81,3,3,6,0,0,0,40,50,88
ILOC70201601,7,8,13,18,26,31,52,0,0,0,3,7,7,30,33,66
ILOC70201701,32,43,45,86,108,112,225,7,12,13,13,16,32,129,138,272
ILOC70300101,189,122,124,251,28,37,66,259,244,501,90,107,200,373,390,764
ILOC70300102,345,236,178,414,35,35,69,564,527,1092,208,151,363,814,712,1518
ILOC70300201,163,102,96,204,40,56,99,253,300,556,84,83,170,380,437,818
ILOC70300202,169,122,102,223,66,58,121,289,298,586,98,81,184,456,436,892
ILOC70300301,3,21,20,39,56,41,95,0,0,0,0,0,3,55,45,97
ILOC70300302,404,256,240,495,28,43,70,356,463,816,212,195,409,595,703,1298
ILOC70300303,7,10,16,29,12,11,26,0,0,0,3,3,7,13,16,29
ILOC70300304,42,34,31,60,19,16,35,42,51,94,29,21,42,88,82,171
ILOC70300401,162,116,83,200,26,22,54,50,53,102,93,72,161,167,147,318
ILOC70300402,72,49,54,99,29,48,82,14,23,38,42,37,80,91,105,192
ILOC70300403,0,10,3,12,17,15,32,0,0,0,0,0,0,18,15,34
ILOC70300404,89,66,43,113,21,18,31,57,87,145,56,37,96,135,139,269
ILOC70300501,974,623,465,1084,15,31,48,400,503,903,570,411,977,988,943,1926
ILOC70300502,466,277,271,547,31,27,57,536,599,1137,242,232,479,810,857,1671
ILOC70300503,505,347,211,560,29,30,56,378,435,808,324,185,516,730,650,1379
ILOC70300504,687,416,341,755,39,35,71,588,730,1317,380,310,692,1006,1075,2080
ILOC70300601,495,289,313,602,152,189,340,500,544,1047,241,262,502,889,995,1883
ILOC70300701,104,63,47,112,16,13,31,65,56,122,57,53,111,137,120,262
ILOC70300702,321,213,192,400,55,61,113,315,325,644,174,161,335,542,544,1092
ILOC70300703,498,383,202,585,64,47,107,261,256,519,335,167,506,661,470,1135
ILOC70300704,1495,2243,339,2578,768,115,877,676,449,1124,1282,227,1508,2722,786,3510
ILOC70300705,905,605,503,1108,124,103,229,906,952,1861,524,426,947,1552,1486,3035
ILOC70300706,50,29,37,65,11,12,25,32,45,79,23,29,57,67,94,160
ILOC70300801,276,163,195,361,83,102,186,255,340,594,137,155,292,474,598,1074
ILOC70300901,355,280,179,457,128,117,242,277,267,536,227,132,357,630,512,1142
ILOC70301001,135,70,87,156,34,26,63,190,211,400,59,76,137,283,320,604
ILOC70301002,233,145,129,277,25,23,50,242,288,535,124,114,238,391,427,825
ILOC70301101,157,98,94,191,32,33,59,252,235,485,78,81,162,359,354,705
ILOC70301102,218,132,133,270,43,36,79,278,278,550,113,112,225,425,423,852
ILOC70301103,150,92,89,183,30,32,56,222,255,473,80,76,160,328,358,692
ILOC70301201,348,195,199,396,12,27,42,414,425,844,174,185,359,607,640,1242
ILOC70301202,369,222,210,428,21,25,45,351,374,727,196,186,380,566,584,1153
ILOC70301301,851,546,527,1072,216,252,473,1725,2036,3762,450,433,878,2398,2718,5113
ILOC70301302,266,177,163,343,84,83,176,272,322,592,143,133,279,504,540,1038
ILOC70301303,353,229,206,440,57,55,112,655,768,1426,203,174,372,911,999,1908
ILOC70301304,359,214,254,470,115,114,220,271,319,589,166,201,362,551,630,1180
ILOC70301305,296,206,197,402,171,182,354,225,255,477,163,147,316,560,587,1146
ILOC70301306,0,7,11,16,16,15,25,0,0,0,0,0,0,16,15,25
ILOC70301307,258,170,197,370,104,102,208,298,359,659,125,137,261,525,602,1129
ILOC70301401,524,339,330,670,106,99,202,1122,1243,2368,274,266,541,1503,1607,3117
ILOC70301402,195,145,125,263,51,48,101,259,296,551,109,93,201,417,437,851
ILOC70400101,92,65,45,106,20,15,37,19,29,46,56,36,94,92,77,175
ILOC70400102,0,0,0,0,16,13,32,0,0,0,0,0,0,16,13,32
ILOC70400103,35,27,31,63,45,58,101,3,0,3,20,21,35,62,79,143
ILOC70400104,0,5,14,19,57,66,122,0,3,6,0,0,0,59,71,128
ILOC70400105,17,11,8,24,18,14,38,0,0,0,9,7,17,30,24,52
ILOC70400106,26,24,18,44,16,21,42,9,6,21,20,17,32,47,49,92
ILOC70400201,162,103,93,197,54,41,97,64,67,128,91,79,170,202,187,390
ILOC70400202,109,84,60,148,30,26,62,58,67,127,65,43,111,161,134,291
ILOC70400203,0,0,0,0,9,5,10,0,0,0,0,0,0,9,5,10
ILOC70400301,70,206,179,385,389,357,743,15,18,32,39,27,70,450,403,847
ILOC70400302,0,16,16,32,49,54,104,0,0,0,0,0,0,49,54,104
ILOC70400401,13,48,57,102,71,64,133,0,0,0,5,4,13,77,66,147
ILOC70400402,34,83,73,153,151,161,311,8,4,11,25,16,34,184,176,361
ILOC70400403,0,0,0,0,0,0,0,0,0,0,0,0,0,0,0,0
ILOC70400404,0,0,0,0,3,7,13,0,0,0,0,0,0,3,7,13
ILOC70400405,6,3,8,12,29,46,70,0,4,3,0,0,6,32,52,82
ILOC70400406,6,34,29,67,86,60,147,0,3,3,5,4,6,91,68,162
ILOC70400501,0,10,3,15,31,31,63,0,0,0,0,0,0,31,31,63
ILOC70400502,61,171,175,346,439,401,845,20,11,32,25,35,61,479,454,936
ILOC70400601,3,7,9,17,52,49,107,0,0,0,3,0,3,59,51,108
ILOC70400602,8,41,32,73,65,59,118,5,6,12,6,3,8,76,68,139
ILOC70400603,6,9,3,15,10,7,16,0,4,4,6,0,6,21,10,31
ILOC70400604,21,57,46,105,195,194,385,17,8,26,15,7,21,225,212,435
ILOC70500101,23,27,22,50,54,56,112,9,9,19,8,12,23,74,82,155
ILOC70500102,7,20,15,31,32,26,62,3,3,4,5,0,7,38,27,71
ILOC70500103,0,6,3,10,25,13,41,0,0,0,0,0,0,25,14,45
ILOC70500201,3,7,13,21,45,32,78,0,0,0,0,4,3,45,34,85
ILOC70500202,14,18,9,34,52,30,86,3,5,7,3,3,14,61,47,103
ILOC70500301,10,10,13,16,42,53,95,3,0,3,0,7,10,47,57,107
ILOC70500302,6,9,7,18,43,29,70,0,0,3,7,3,6,46,36,79
ILOC70500303,101,76,40,113,11,3,13,29,29,59,61,32,101,101,67,171
ILOC70500304,0,18,17,31,57,57,115,4,0,4,0,0,0,58,57,116
ILOC70500305,10,6,3,9,10,12,27,0,0,0,4,3,10,20,19,36
ILOC70500306,46,42,38,83,15,16,30,17,17,34,25,23,48,56,57,112
ILOC70500307,6,14,10,21,61,77,143,0,3,6,0,3,6,63,82,152
ILOC70500401,26,26,17,43,28,22,51,5,5,10,17,13,29,48,42,89
ILOC70500402,7,20,14,39,107,109,215,0,3,3,8,0,7,111,112,224
ILOC70500403,8,10,9,16,24,26,55,0,0,0,3,4,8,24,34,56
ILOC70500404,3,12,3,12,31,26,62,0,0,0,0,0,3,35,29,63
ILOC70500405,17,10,6,17,0,0,0,0,0,0,10,6,17,11,7,16
ILOC70500501,0,8,3,13,39,25,62,0,0,0,0,0,0,37,25,61
ILOC70500502,1683,1072,950,2020,318,343,660,702,697,1402,915,799,1711,1936,1836,3772
ILOC70500503,6,11,11,22,26,25,51,3,0,3,6,3,6,30,28,61
ILOC70500504,0,3,0,4,22,21,47,0,0,0,0,0,0,22,21,47
ILOC70500601,20,39,43,88,114,116,227,6,10,14,7,12,20,129,134,260
ILOC70500701,20,110,126,238,260,248,511,0,3,3,4,10,20,273,264,535
ILOC70500801,3,5,3,9,11,18,32,0,0,0,0,0,3,17,19,29
ILOC70500802,5,16,6,19,17,22,37,0,0,0,5,5,5,20,22,44
ILOC70500803,8,6,0,8,0,3,5,4,3,5,6,0,8,10,10,23
ILOC70500804,32,22,17,40,13,19,31,8,6,21,16,20,31,40,41,86
ILOC70500805,98,61,51,110,15,14,34,8,4,10,53,41,98,78,63,139
ILOC70500901,8,10,9,20,20,17,31,3,4,3,3,3,8,25,22,48
ILOC70500902,34,33,20,47,22,14,29,3,8,12,22,11,34,45,34,74
ILOC70500903,10,38,40,79,54,60,113,0,3,4,6,7,10,60,66,130
ILOC70600101,87,69,37,104,10,13,26,110,91,198,61,30,90,180,136,316
ILOC70600102,10,69,69,142,140,173,310,0,0,3,6,0,10,153,175,323
ILOC70600103,5,9,6,11,10,15,32,0,0,0,9,0,5,21,19,37
ILOC70600104,0,13,17,25,17,26,43,0,0,4,0,0,0,22,28,48
ILOC70600105,0,35,31,66,84,76,161,0,0,0,0,0,0,82,78,161
ILOC70600201,7,191,164,353,293,302,599,4,3,9,3,3,7,298,310,606
ILOC70600202,0,4,3,12,15,12,25,0,0,0,0,0,0,15,12,25
ILOC70600301,0,7,3,10,15,17,25,0,0,0,0,0,0,15,17,25
ILOC70600302,0,0,3,3,10,10,24,0,0,0,0,0,0,10,9,22
ILOC70600303,3,3,0,3,0,0,0,0,0,0,3,0,3,3,0,3
ILOC70600304,0,25,14,43,51,29,80,0,0,0,0,0,0,51,32,79
ILOC70600305,0,17,24,34,26,32,55,0,0,0,0,0,0,26,32,55
ILOC70600401,19,57,55,111,373,339,718,6,10,19,10,13,19,386,358,748
ILOC70600402,0,17,17,29,73,71,148,3,6,4,0,0,0,75,78,153
ILOC70600501,6,8,11,23,27,30,56,0,0,0,8,0,6,33,34,67
ILOC70600502,308,328,234,556,133,105,235,379,414,797,183,143,328,693,660,1353
ILOC70600601,6,32,49,74,104,128,230,0,4,9,0,5,6,109,137,249
ILOC70600701,9,35,53,86,196,184,386,7,6,15,3,7,9,208,197,410
ILOC70600702,11,29,20,47,131,128,259,3,5,6,0,4,11,134,144,279
ILOC70600703,0,3,3,3,28,33,63,0,0,0,0,0,0,28,33,63
ILOC70600801,18,41,41,84,104,110,214,10,23,31,10,13,18,124,141,264
ILOC70700101,8,34,24,57,79,70,149,3,0,3,10,0,8,84,73,159
ILOC70700201,6,9,11,25,50,64,113,0,0,3,0,4,6,56,66,125
ILOC70700301,10,9,15,20,21,20,44,21,19,40,3,9,10,45,46,91
ILOC70700302,18,16,7,22,5,5,11,12,10,19,17,3,18,28,17,50
ILOC70700303,0,8,5,9,16,9,24,0,3,4,0,0,0,17,14,32
ILOC70700304,26,28,16,52,31,16,52,3,3,5,23,6,31,58,31,83
ILOC70700305,0,16,5,24,20,23,43,0,0,0,0,0,0,20,23,43
ILOC70700401,6,8,6,14,54,47,98,0,5,5,7,3,10,56,61,113
ILOC70700501,3,3,3,8,11,10,21,0,0,0,0,3,3,11,11,25
ILOC70700502,0,0,0,0,7,16,21,0,0,0,0,0,0,7,16,21
ILOC70700503,0,13,6,20,48,39,88,0,0,0,0,0,0,48,39,87
ILOC70700504,216,248,153,401,245,126,376,137,127,265,121,101,222,503,362,858
ILOC70700601,3,23,8,32,45,27,68,0,3,7,3,0,3,47,30,77
ILOC70700602,9,15,15,26,22,34,60,0,0,0,5,3,7,30,40,67
ILOC79499494,355,449,379,822,242,192,437,98,92,188,184,174,361,527,450,986
ILOC79799797,10,12,4,13,0,0,0,3,3,10,12,4,13,16,7,23
ILOC80100101,3957,2510,2522,5031,307,327,632,13067,13460,26524,2061,2029,4093,15431,15823,31251
ILOC80100102,3404,2119,1889,4004,113,115,230,9159,9266,18425,1864,1628,3489,11137,11009,22149
ILOC80100103,2573,1699,1625,3325,211,206,412,10440,10901,21340,1374,1302,2674,12030,12401,24431
ILOC80100201,4278,3206,2919,6127,312,224,543,10992,11007,21997,2257,2129,4383,13565,13360,26925
ILOC80100202,3021,2013,2147,4161,429,432,858,10144,10905,21051,1526,1577,3104,12100,12914,25009
ILOC80100301,330,181,197,379,8,11,20,641,680,1325,168,180,345,811,870,1686
ILOC89499494,52,76,25,105,8,4,14,75,62,139,37,20,56,123,84,211
ILOC89799797,0,0,0,0,0,0,0,0,0,0,0,0,0,0,0,0
ILOC90100101,238,408,113,519,3,0,8,403,164,568,143,98,247,546,266,819
ILOC90100201,22,23,15,35,0,0,3,48,47,99,17,17,32,65,66,131
ILOC90200101,19,20,7,22,9,15,23,18,5,21,17,5,19,38,19,66
ILOC90200102,28,30,34,72,38,35,69,0,0,0,18,13,28,55,45,98
ILOC90300101,84,65,81,140,3,0,4,179,179,356,40,54,94,220,232,446
ILOC99499494,3,0,4,4,0,0,0,7,6,10,0,0,3,7,6,16
ILOC99799797,0,0,0,0,0,0,0,0,0,0,0,0,0,0,0,0