ILOC_CODE_2016,IAD_HHs_with_Ind_p,IAD_Oth_households,IAD_Tot_households,INAD_HHs_with_Ind_p,INAD_Oth_households,INAD_Tot_households,IA_NS_Indig_per,IA_NS_Oth_households,IA_NS_Tot_households,Tot_Hholds_w_Indig_per,Tot_Oth_households,Tot_Tot_households
ILOC10100101,120,528,644,52,227,276,4,35,41,177,788,968
ILOC10100201,653,3309,3960,222,698,919,37,98,135,910,4101,5009
ILOC10100202,134,723,856,73,241,315,11,31,39,211,990,1202
ILOC10100203,264,2073,2339,128,590,715,21,71,94,408,2741,3146
ILOC10100204,180,1875,2048,48,304,347,6,46,55,233,2217,2453
ILOC10100205,387,1781,2172,153,400,556,17,71,89,556,2250,2812
ILOC10100301,129,874,1004,104,406,506,9,35,45,241,1308,1555
ILOC10100401,226,645,871,112,292,403,11,37,52,352,981,1329
ILOC10100402,63,485,551,17,112,131,3,21,19,82,614,697
ILOC10100403,53,135,186,32,85,109,5,17,20,89,232,322
ILOC10100501,313,2288,2603,99,839,938,22,105,125,427,3235,3666
ILOC10100502,60,859,918,34,232,259,3,33,37,96,1122,1225
ILOC10100503,43,119,159,40,88,132,3,9,14,96,214,310
ILOC10100601,78,570,654,77,246,318,5,32,39,166,848,1013
ILOC10100701,92,550,643,67,237,305,7,25,36,167,816,981
ILOC10100702,125,1278,1396,57,521,576,8,65,76,182,1859,2042
ILOC10100801,276,801,1071,176,412,587,22,38,63,473,1250,1720
ILOC10100802,102,854,958,47,270,317,3,37,44,154,1163,1316
ILOC10200101,412,6712,7125,224,1202,1419,37,199,236,667,8110,8779
ILOC10200201,135,2185,2324,87,894,981,12,103,118,240,3188,3427
ILOC10200301,316,1764,2077,167,722,889,25,87,107,503,2575,3075
ILOC10200302,111,1009,1122,38,261,295,7,31,36,155,1297,1454
ILOC10200401,69,941,1009,44,440,483,8,36,39,119,1410,1530
ILOC10200402,37,61,96,17,34,51,3,3,3,58,98,151
ILOC10200501,100,1150,1242,41,587,626,4,71,78,147,1802,1951
ILOC10200502,342,3875,4220,202,1463,1662,26,209,243,575,5549,6124
ILOC10200601,51,914,964,19,228,249,0,24,23,77,1166,1241
ILOC10200602,115,591,705,65,264,329,4,19,28,190,880,1068
ILOC10200603,19,0,19,12,0,12,0,0,0,27,0,27
ILOC10200604,72,262,337,46,179,224,5,17,22,127,456,578
ILOC10200701,87,634,719,62,225,289,15,41,58,165,900,1061
ILOC10200702,166,478,640,222,189,410,40,42,81,422,716,1137
ILOC10200703,39,363,404,19,50,75,0,12,16,59,429,490
ILOC10200704,32,17,41,41,9,45,8,4,14,76,26,107
ILOC10200801,43,42,93,43,33,78,0,0,0,88,79,164
ILOC10200802,72,915,982,49,261,314,6,54,58,128,1230,1350
ILOC10200803,23,75,101,9,37,50,3,12,15,37,134,166
ILOC10200804,11,35,49,36,5,39,0,0,3,51,42,89
ILOC10200901,301,2690,2992,125,690,812,21,99,114,445,3472,3920
ILOC10200902,119,1296,1416,25,335,353,6,67,74,149,1697,1848
ILOC10201001,181,1156,1332,105,423,527,15,63,79,296,1647,1940
ILOC10201002,140,1387,1530,66,432,501,17,44,63,230,1867,2095
ILOC10201003,82,290,371,56,136,186,3,19,26,139,447,589
ILOC10201101,1282,9962,11244,524,2736,3258,90,436,521,1896,13131,15027
ILOC10201102,438,4549,4985,145,1310,1459,22,195,211,604,6055,6656
ILOC10201201,4,0,4,26,0,28,0,0,0,29,0,29
ILOC10201202,96,1694,1794,50,716,767,0,94,97,150,2507,2656
ILOC10201301,262,3548,3807,77,1124,1200,14,142,152,349,4820,5161
ILOC10201401,125,1480,1603,48,390,429,7,56,59,174,1924,2095
ILOC10201402,45,796,843,34,308,346,10,39,46,96,1142,1239
ILOC10300101,110,244,354,117,76,191,15,17,37,241,342,582
ILOC10300102,26,138,165,25,45,74,5,7,12,62,187,248
ILOC10300201,73,70,138,96,20,120,16,14,28,181,101,281
ILOC10300202,69,77,147,34,14,52,0,10,10,102,105,203
ILOC10300203,13,11,21,42,0,39,3,0,3,54,10,64
ILOC10300301,165,984,1149,74,327,405,14,54,73,258,1363,1626
ILOC10300302,3,0,3,23,0,23,0,0,0,23,0,23
ILOC10300401,174,295,466,146,169,316,19,32,48,340,495,830
ILOC10300402,30,269,302,8,65,74,3,9,10,44,343,386
ILOC10300403,15,47,58,45,30,73,8,4,13,64,83,143
ILOC10300501,417,4554,4969,177,1750,1931,34,256,286,629,6556,7184
ILOC10300502,22,315,338,38,79,110,7,28,32,64,420,488
ILOC10300503,29,55,84,38,31,67,6,10,12,71,91,166
ILOC10300504,27,38,65,76,16,90,3,0,3,111,52,160
ILOC10300601,36,46,82,37,26,62,0,6,11,70,78,154
ILOC10300602,0,0,0,16,0,16,0,0,0,16,0,16
ILOC10300603,85,252,342,79,130,204,13,23,33,174,407,583
ILOC10300605,85,175,256,151,56,212,25,9,28,254,240,490
ILOC10300607,61,596,655,64,265,323,11,51,68,133,912,1046
ILOC10400101,26,348,372,30,75,106,4,21,24,56,448,500
ILOC10400102,214,5183,5397,94,1548,1635,17,261,275,323,6985,7309
ILOC10400103,217,7010,7225,36,928,958,5,183,193,255,8121,8378
ILOC10400201,233,9431,9670,48,1282,1329,14,367,384,294,11085,11379
ILOC10400301,481,4715,5194,146,1653,1793,28,208,236,653,6572,7223
ILOC10400302,445,5623,6067,83,1029,1112,16,175,190,545,6822,7369
ILOC10400303,360,3152,3515,92,1091,1186,12,133,147,468,4378,4850
ILOC10400401,3,88,87,29,45,68,0,6,6,31,134,162
ILOC10400402,81,1331,1412,46,396,447,9,49,54,133,1780,1912
ILOC10400403,534,5942,6484,214,1925,2141,30,249,275,776,8121,8896
ILOC10400404,78,1894,1978,24,526,544,3,92,95,103,2513,2618
ILOC10400405,219,4294,4512,84,1235,1318,9,175,183,319,5697,6015
ILOC10400501,160,3761,3919,36,871,911,3,131,140,201,4767,4967
ILOC10400502,47,191,232,33,79,109,6,18,23,82,282,363
ILOC10400503,903,16278,17185,249,3025,3276,52,592,643,1204,19893,21101
ILOC10400504,44,736,776,31,286,312,7,40,46,80,1054,1133
ILOC10400505,130,2654,2783,40,591,623,12,88,95,176,3326,3506
ILOC10400506,151,1619,1768,89,719,805,15,85,97,252,2422,2676
ILOC10400507,279,4422,4695,104,969,1076,15,159,176,401,5545,5942
ILOC10400601,145,2366,2516,38,630,665,3,64,74,192,3065,3257
ILOC10400602,126,1296,1424,49,493,545,9,48,60,186,1845,2029
ILOC10400701,621,20997,21622,69,3216,3283,21,611,629,709,24824,25535
ILOC10400702,1241,28980,30227,263,5895,6159,71,993,1068,1582,35875,37454
ILOC10400801,291,4910,5204,101,1148,1249,20,205,225,411,6267,6678
ILOC10400802,223,3903,4131,89,1234,1324,11,184,195,328,5319,5651
ILOC10400803,95,1717,1814,40,816,855,8,109,115,137,2646,2784
ILOC10400901,266,1350,1609,191,695,886,27,97,126,479,2145,2622
ILOC10400902,243,3196,3443,94,954,1054,17,135,152,355,4295,4650
ILOC10400903,40,209,251,12,82,93,3,13,12,50,301,351
ILOC10400904,87,539,625,94,141,230,12,19,32,193,700,892
ILOC10400905,83,1518,1605,31,458,491,6,49,52,120,2026,2147
ILOC10401001,87,2259,2348,49,811,856,11,84,93,143,3153,3298
ILOC10401002,21,121,139,11,48,59,0,11,11,34,179,205
ILOC10401101,904,17863,18773,250,4112,4363,43,582,626,1192,22562,23756
ILOC10401102,1176,23109,24278,203,4155,4358,30,509,541,1411,27769,29182
ILOC10401103,953,15441,16395,183,3065,3251,42,490,534,1178,19000,20172
ILOC10401201,269,3670,3942,87,794,879,16,115,135,374,4583,4955
ILOC10401202,152,2647,2798,56,602,666,10,116,130,221,3367,3585
ILOC10401203,151,2272,2423,43,627,669,5,100,105,198,3001,3199
ILOC10401204,139,3514,3653,46,660,703,7,122,129,192,4295,4488
ILOC10401301,1460,20956,22415,313,3903,4218,63,618,686,1833,25487,27320
ILOC10401401,690,16767,17456,177,3017,3192,36,532,563,902,20313,21214
ILOC10401402,815,13013,13830,163,2976,3141,32,413,449,1013,16407,17425
ILOC10401403,710,16483,17196,170,3417,3582,32,496,526,910,20397,21305
ILOC10401501,331,7667,7996,93,1849,1939,12,292,303,433,9804,10237
ILOC10401502,689,13641,14333,157,3140,3302,17,523,544,864,17309,18171
ILOC10401503,152,1601,1753,56,581,639,3,66,69,212,2243,2456
ILOC10401601,52,276,326,20,125,142,5,14,14,73,416,489
ILOC10401602,172,2550,2715,13,230,241,11,53,56,189,2831,3020
ILOC10401603,218,5884,6103,39,1212,1250,8,201,208,268,7292,7557
ILOC10401604,369,7334,7700,65,1532,1594,13,260,279,448,9128,9573
ILOC10401605,353,3247,3600,101,892,990,22,246,264,472,4377,4850
ILOC10401701,228,2537,2760,155,1110,1265,20,145,163,400,3794,4194
ILOC10401702,21,229,256,18,86,110,0,11,15,43,332,375
ILOC10401703,139,2797,2932,66,878,940,10,114,122,212,3786,3996
ILOC10401801,436,5859,6292,132,1133,1263,15,161,176,576,7154,7729
ILOC10401901,13,94,115,30,18,44,0,6,6,46,122,165
ILOC10401902,461,4596,5053,212,1647,1867,47,221,265,717,6464,7180
ILOC10401903,399,7457,7854,96,1759,1858,21,218,241,515,9436,9949
ILOC10401904,89,1107,1198,27,491,511,0,48,48,115,1645,1759
ILOC10402001,230,5954,6177,51,1333,1383,12,213,223,293,7500,7790
ILOC10402002,183,3776,3958,19,558,585,13,118,128,214,4457,4668
ILOC10402003,874,16448,17328,234,4297,4528,44,738,776,1145,21479,22630
ILOC10402101,1715,22226,23939,302,5418,5717,64,942,1007,2081,28580,30655
ILOC10402102,1167,20671,21836,241,4497,4742,45,781,826,1453,25949,27404
ILOC10500101,99,4653,4754,22,569,597,7,110,114,136,5328,5462
ILOC10500102,354,10474,10830,142,2793,2932,33,388,427,531,13651,14182
ILOC10500201,37,247,284,19,128,148,3,20,18,62,391,450
ILOC10500202,59,1548,1604,45,350,391,4,68,69,106,1967,2068
ILOC10500203,7,0,7,24,0,25,0,0,0,29,4,33
ILOC10500204,26,82,111,24,43,69,0,4,7,54,135,183
ILOC10500205,30,285,318,30,144,179,4,24,25,64,450,514
ILOC10500301,663,10737,11397,207,2393,2593,40,354,394,908,13476,14389
ILOC10500401,248,5105,5350,59,1413,1477,13,214,228,320,6736,7052
ILOC10500501,60,763,814,25,222,248,4,33,40,88,1016,1105
ILOC10500502,46,186,238,26,77,103,0,3,6,76,266,349
ILOC10500503,34,224,257,24,102,127,0,19,18,61,338,401
ILOC10500601,183,4674,4856,70,1646,1713,12,266,281,258,6589,6851
ILOC10500701,232,5030,5262,64,1845,1911,15,259,277,309,7134,7450
ILOC10500801,133,1976,2112,60,751,817,7,87,97,206,2820,3024
ILOC10500901,296,3164,3464,120,1156,1275,20,159,178,439,4479,4920
ILOC10501001,90,1979,2071,62,688,742,9,87,98,157,2745,2906
ILOC10501002,85,2150,2235,36,601,636,4,85,87,124,2836,2958
ILOC10501101,310,2101,2404,121,791,914,18,110,128,449,2998,3447
ILOC10501201,331,5867,6201,183,1781,1962,25,279,310,540,7932,8468
ILOC10501202,184,2670,2848,82,839,923,8,131,143,270,3637,3909
ILOC10501301,179,3082,3260,64,1137,1200,8,207,216,251,4421,4672
ILOC10501401,147,472,620,119,257,369,18,32,47,280,757,1036
ILOC10501402,46,594,637,19,214,232,4,26,31,68,837,907
ILOC10501403,31,221,258,48,105,152,5,14,19,83,344,425
ILOC10501501,389,5255,5644,130,1815,1948,24,241,266,547,7314,7859
ILOC10501502,55,1315,1366,19,437,460,5,58,62,86,1808,1895
ILOC10501601,453,6393,6843,176,1943,2118,18,290,308,641,8629,9265
ILOC10501701,159,1268,1428,80,503,583,9,67,72,243,1840,2084
ILOC10501801,169,2480,2651,56,569,620,4,61,71,230,3110,3343
ILOC10501802,168,1511,1680,77,513,593,6,76,83,259,2095,2351
ILOC10501803,109,2381,2486,14,382,394,8,82,84,127,2842,2971
ILOC10501804,113,794,906,93,401,493,10,55,63,221,1249,1472
ILOC10501805,43,1182,1230,23,402,426,6,97,107,72,1685,1762
ILOC10501806,80,1558,1641,8,171,179,4,45,53,99,1774,1873
ILOC10501807,57,702,758,8,171,183,0,28,28,67,900,970
ILOC10501901,151,2762,2915,58,1035,1099,9,115,125,222,3913,4136
ILOC10502001,266,7676,7938,74,2403,2478,20,332,351,362,10410,10771
ILOC10502101,261,4091,4352,96,1004,1094,29,157,183,379,5251,5629
ILOC10502102,85,2065,2154,40,588,628,7,84,92,138,2739,2875
ILOC10502103,157,3684,3840,11,399,410,5,62,69,169,4151,4319
ILOC10502104,167,3628,3798,31,516,544,9,109,119,206,4257,4462
ILOC10502105,418,3295,3709,222,1012,1238,28,158,186,670,4461,5125
ILOC10502201,173,3183,3356,68,1077,1145,6,148,159,251,4413,4666
ILOC10600101,61,1099,1159,40,362,407,10,64,70,110,1523,1632
ILOC10600102,215,8153,8370,49,1701,1744,13,291,304,272,10148,10419
ILOC10600103,45,805,854,42,271,314,4,49,51,89,1122,1215
ILOC10600201,259,4618,4876,120,1161,1283,10,197,206,387,5979,6371
ILOC10600202,15,61,81,13,19,33,0,9,8,25,91,117
ILOC10600203,192,4785,4977,59,935,996,14,150,171,263,5874,6143
ILOC10600204,61,643,705,43,273,323,9,38,47,115,953,1065
ILOC10600205,35,892,926,25,327,353,4,44,50,63,1264,1331
ILOC10600206,4,8,13,6,0,6,0,0,0,17,8,20
ILOC10600301,83,947,1029,23,301,324,0,33,37,111,1277,1385
ILOC10600302,745,7128,7869,259,1915,2173,45,277,322,1049,9313,10366
ILOC10600303,1019,19635,20648,204,4678,4876,44,800,842,1267,25106,26374
ILOC10600401,477,11894,12371,145,1926,2067,23,353,374,641,14166,14807
ILOC10600402,304,10161,10462,63,1980,2048,17,422,443,390,12563,12955
ILOC10600501,372,7638,8014,112,2372,2482,14,324,341,497,10334,10831
ILOC10600502,246,7084,7337,60,1679,1741,8,229,234,311,8989,9306
ILOC10600503,369,14619,14985,65,2300,2363,10,411,422,439,17327,17768
ILOC10700101,113,21939,22047,26,2931,2954,13,1026,1036,151,25894,26042
ILOC10700201,394,52951,53344,36,3125,3157,10,937,951,447,57013,57457
ILOC10700301,145,862,1008,81,326,405,4,49,53,231,1237,1466
ILOC10700302,92,635,730,34,221,257,10,44,49,134,903,1034
ILOC10700303,272,10826,11100,28,774,802,5,296,301,303,11895,12197
ILOC10700304,358,15369,15722,72,2325,2395,18,608,627,446,18294,18739
ILOC10700305,46,615,662,12,120,136,4,32,31,66,766,835
ILOC10700306,327,8428,8751,90,1227,1319,20,294,318,435,9950,10387
ILOC10700307,39,436,474,23,179,201,0,18,21,61,634,696
ILOC10700308,79,2447,2526,10,188,200,3,52,59,93,2688,2783
ILOC10700309,131,3727,3860,24,339,360,4,91,101,163,4164,4326
ILOC10700310,80,1006,1091,34,244,270,3,69,73,117,1320,1437
ILOC10700311,87,3752,3838,12,450,454,0,108,113,96,4312,4406
ILOC10700312,133,3431,3559,51,846,893,14,188,201,191,4463,4654
ILOC10700313,136,901,1038,67,344,416,13,51,65,220,1297,1513
ILOC10700314,102,2481,2576,29,553,581,4,106,106,135,3136,3266
ILOC10700315,254,5429,5684,105,1161,1268,23,232,254,375,6828,7203
ILOC10700316,120,8371,8491,3,492,498,0,152,154,128,9017,9148
ILOC10700317,192,7430,7625,30,562,589,3,166,173,226,8156,8383
ILOC10700318,86,3215,3304,16,451,467,7,103,113,111,3771,3881
ILOC10700319,140,1122,1257,64,337,400,15,61,76,221,1516,1732
ILOC10700320,162,2277,2434,61,421,479,11,87,97,226,2783,3011
ILOC10700401,107,4061,4167,8,377,387,0,69,70,108,4506,4620
ILOC10700402,246,8102,8345,17,858,875,3,155,158,268,9117,9383
ILOC10700403,187,6129,6321,29,980,1007,19,177,190,235,7283,7517
ILOC10700404,150,3454,3607,12,388,404,0,70,69,160,3914,4075
ILOC10700405,59,2531,2586,4,317,326,0,55,56,65,2902,2965
ILOC10700501,312,13143,13458,84,2357,2442,17,502,520,409,16008,16424
ILOC10700601,749,21293,22044,77,2168,2243,21,457,480,855,23918,24775
ILOC10700701,125,455,582,67,241,305,9,33,46,201,737,939
ILOC10700702,141,3044,3191,49,400,441,16,88,95,199,3528,3730
ILOC10700703,147,2321,2461,28,407,435,3,72,79,175,2794,2970
ILOC10700704,28,563,589,0,93,92,0,13,14,31,670,696
ILOC10700705,379,7357,7734,77,1635,1706,22,267,288,476,9262,9736
ILOC10700706,168,2374,2544,50,468,520,0,73,74,220,2916,3143
ILOC10700707,155,5189,5344,37,846,880,4,170,170,199,6196,6398
ILOC10700708,223,5751,5976,76,1080,1158,17,210,229,317,7040,7358
ILOC10700709,140,3436,3576,42,572,613,9,117,127,187,4126,4319
ILOC10700710,183,3974,4161,23,447,473,5,94,96,214,4512,4732
ILOC10700711,115,1872,1988,33,321,354,3,60,66,156,2250,2408
ILOC10700712,89,1532,1613,16,189,203,0,43,45,100,1760,1863
ILOC10700713,100,1669,1766,12,216,227,3,40,49,113,1922,2036
ILOC10700801,100,14590,14689,28,3142,3172,8,666,673,136,18401,18540
ILOC10700802,193,16542,16739,65,3836,3906,8,761,774,271,21147,21411
ILOC10700803,297,15642,15936,57,2902,2958,5,450,463,363,18997,19360
ILOC10700804,377,38161,38540,85,8180,8259,24,1641,1670,490,47979,48468
ILOC10700901,301,27395,27694,132,7672,7806,27,1428,1452,462,36495,36954
ILOC10700902,198,17121,17317,30,2758,2787,6,592,602,234,20470,20708
ILOC10701001,284,6691,6970,34,791,821,8,176,184,318,7655,7977
ILOC10701002,195,3496,3692,51,812,866,7,106,114,257,4421,4678
ILOC10701003,399,6717,7113,75,1075,1147,13,199,212,488,7991,8476
ILOC10701101,373,27807,28181,104,5067,5173,8,1064,1075,491,33940,34430
ILOC10701201,405,84590,84991,39,5977,6016,15,1563,1578,458,92130,92584
ILOC10701301,221,39892,40112,35,4668,4704,4,1018,1026,254,45590,45844
ILOC10701401,215,23946,24163,43,3657,3699,9,750,758,270,28350,28624
ILOC10701402,134,17256,17385,18,2187,2207,3,446,445,152,19891,20039
ILOC10701501,178,6485,6667,18,851,869,0,152,154,196,7489,7688
ILOC10701502,952,18138,19087,189,3754,3943,41,573,613,1182,22462,23643
ILOC10701601,226,19077,19305,86,1679,1764,8,439,447,320,21195,21515
ILOC10701701,683,27549,28228,227,5910,6134,43,1242,1286,952,34697,35648
ILOC10701702,287,19365,19651,62,2131,2191,9,651,662,360,22144,22506
ILOC10701801,0,115,118,0,10,10,0,6,9,3,130,132
ILOC10701901,496,26733,27229,95,3428,3521,24,891,911,612,31052,31667
ILOC10702001,479,59270,59743,45,6052,6099,25,1509,1535,553,66824,67373
ILOC10702002,175,18440,18619,11,1456,1461,11,472,481,195,20369,20562
ILOC10702101,136,17285,17424,33,2052,2089,8,654,662,179,19993,20173
ILOC10702102,150,15452,15602,45,2054,2095,8,440,453,196,17951,18147
ILOC10702103,168,11241,11411,30,1588,1611,0,336,342,200,13170,13371
ILOC10702104,92,8740,8831,50,2033,2075,7,507,515,146,11281,11429
ILOC10702201,484,7406,7886,60,814,874,13,187,197,554,8404,8965
ILOC10702202,220,5724,5944,16,381,391,8,101,112,241,6207,6448
ILOC10702203,506,8671,9174,93,1838,1931,26,402,424,627,10900,11530
ILOC10702204,615,9344,9964,126,1578,1704,28,262,288,772,11183,11954
ILOC10702205,481,6541,7017,140,1801,1941,30,312,343,652,8655,9301
ILOC10702206,335,9222,9558,33,865,897,17,232,250,392,10318,10707
ILOC10702207,176,3951,4125,13,542,555,4,99,102,194,4589,4779
ILOC10702301,101,1760,1857,56,268,317,8,169,178,169,2191,2354
ILOC10702302,566,40655,41221,160,5253,5412,30,1357,1391,752,47267,48018
ILOC10702401,318,30928,31251,56,5444,5501,8,1197,1205,387,37571,37952
ILOC10702501,539,34006,34542,84,4597,4681,20,874,896,638,39482,40121
ILOC10702502,543,31942,32486,54,3038,3090,17,651,661,609,35631,36239
ILOC10702601,413,25932,26342,168,2584,2748,25,883,904,606,29393,29994
ILOC10702602,219,22277,22499,70,2554,2618,19,736,754,307,25560,25870
ILOC10702603,217,22411,22629,79,2052,2132,8,983,989,303,25441,25749
ILOC10702604,94,2855,2944,64,616,677,8,174,182,158,3647,3804
ILOC10702701,131,13062,13193,19,1856,1879,5,550,556,153,15468,15621
ILOC10702702,58,9990,10054,16,1506,1521,0,384,384,75,11880,11957
ILOC10702703,200,27900,28104,29,3278,3306,3,691,692,232,31868,32102
ILOC10702704,59,10914,10967,11,1211,1218,10,478,482,73,12598,12674
ILOC10702801,116,36080,36202,16,2683,2700,5,755,754,137,39523,39658
ILOC10702802,152,37416,37568,21,2741,2759,6,781,789,181,40937,41113
ILOC10702901,579,11812,12389,67,1665,1733,26,331,356,668,13811,14480
ILOC10703001,2050,57064,59116,484,12264,12742,90,2009,2102,2626,71338,73960
ILOC10703101,159,22101,22262,8,2172,2176,5,720,726,170,24994,25166
ILOC10703102,70,19086,19151,8,1350,1359,3,592,589,76,21027,21105
ILOC19499494,0,0,0,0,0,0,0,0,0,0,0,0
ILOC19799797,0,0,0,0,0,0,0,0,0,0,0,0
ILOC20100101,122,22665,22783,29,4538,4569,11,894,903,161,28098,28257
ILOC20100102,188,25679,25873,41,6038,6083,16,1341,1351,244,33056,33307
ILOC20100201,321,26587,26906,43,3363,3409,12,719,729,382,30660,31043
ILOC20100301,401,34478,34880,59,3664,3719,16,920,931,474,39062,39536
ILOC20100401,281,28513,28794,50,3338,3388,17,967,987,350,32814,33166
ILOC20100402,390,51444,51831,56,5615,5666,18,1448,1464,458,58503,58958
ILOC20100501,275,47180,47453,38,7166,7206,12,1366,1375,324,55709,56036
ILOC20100502,205,16561,16771,23,1764,1794,9,411,425,240,18745,18980
ILOC20100503,354,24702,25056,81,4628,4711,23,915,945,459,30247,30708
ILOC20100601,187,38307,38497,68,8065,8137,19,1912,1928,276,48290,48563
ILOC20100701,339,46831,47165,40,5290,5327,19,1154,1174,389,53277,53669
ILOC20100801,220,25225,25446,48,4106,4156,7,876,886,276,30202,30481
ILOC20100802,218,35713,35928,39,6357,6393,7,1186,1195,265,43250,43515
ILOC20100901,257,34757,35005,38,4060,4097,12,841,857,310,39655,39962
ILOC20101001,95,31046,31142,11,3169,3181,7,699,711,117,34916,35037
ILOC20101002,168,53982,54151,16,4484,4503,4,1191,1201,193,59656,59849
ILOC20101003,305,84215,84528,36,9271,9300,12,2175,2192,357,95664,96022
ILOC20101101,165,20557,20716,49,2951,2996,8,606,612,217,24112,24325
ILOC20101102,100,34787,34895,16,4234,4252,3,945,949,127,39970,40099
ILOC20101103,112,18105,18221,9,1206,1213,5,322,324,128,19629,19759
ILOC20101104,127,17388,17510,20,2160,2182,6,402,408,154,19950,20098
ILOC20101201,231,50819,51048,31,4223,4254,8,1697,1707,269,56742,57019
ILOC20101202,203,39261,39472,52,4420,4467,23,1147,1172,282,44830,45110
ILOC20101203,211,31492,31702,42,3487,3530,11,1018,1022,260,35993,36254
ILOC20101301,475,35569,36043,71,4437,4511,13,1140,1153,557,41144,41704
ILOC20101401,79,21722,21802,12,2584,2589,3,568,564,93,24865,24964
ILOC20101402,48,14506,14554,8,2255,2262,3,493,495,62,17243,17306
ILOC20101403,42,17398,17444,7,2074,2087,3,425,427,55,19905,19952
ILOC20101501,160,15691,15854,42,3817,3861,13,864,875,212,20375,20587
ILOC20101502,175,18254,18433,16,2384,2398,9,531,542,198,21173,21372
ILOC20101503,147,16197,16342,25,3046,3068,6,473,478,170,19718,19895
ILOC20101504,113,15213,15322,20,3963,3983,10,637,642,147,19808,19952
ILOC20101601,212,11710,11922,36,1828,1862,9,369,377,256,13908,14165
ILOC20101602,197,16869,17068,50,3813,3857,12,759,774,250,21439,21695
ILOC20101603,113,19039,19154,21,2275,2295,0,488,487,139,21801,21939
ILOC20101701,169,17012,17180,26,2585,2617,6,475,482,204,20077,20277
ILOC20101702,314,26392,26707,98,6512,6610,31,1107,1141,449,34009,34457
ILOC20101703,611,52804,53414,83,8556,8642,28,1598,1622,717,62954,63678
ILOC20101801,67,18613,18686,10,2357,2370,0,557,563,86,21528,21613
ILOC20101802,68,15215,15279,8,1738,1745,3,328,335,72,17279,17358
ILOC20101803,49,16403,16458,10,2457,2469,8,408,414,65,19271,19338
ILOC20101901,194,25044,25243,41,4806,4842,12,771,782,245,30619,30862
ILOC20101902,246,27619,27857,27,2699,2732,12,833,841,283,31154,31437
ILOC20101903,422,32224,32642,60,3582,3641,21,851,872,499,36650,37151
ILOC20102001,566,44556,45115,98,5514,5609,20,1092,1113,677,51164,51840
ILOC20200101,595,32133,32728,159,6734,6892,26,1092,1126,783,39963,40741
ILOC20200201,180,14279,14456,48,2903,2954,10,471,488,241,17654,17897
ILOC20200301,86,3400,3483,15,514,532,0,104,104,99,4018,4118
ILOC20200302,134,4338,4468,34,1173,1207,8,201,209,175,5714,5885
ILOC20200303,101,7072,7175,22,1071,1091,8,225,231,129,8371,8499
ILOC20200304,122,3268,3387,32,1020,1051,10,134,145,164,4417,4577
ILOC20200305,117,7130,7243,25,1472,1496,7,221,230,147,8821,8974
ILOC20200306,156,7223,7380,38,1600,1640,9,255,267,208,9081,9287
ILOC20200401,68,3002,3066,25,953,972,3,130,132,86,4087,4174
ILOC20200402,141,3679,3815,71,994,1060,11,184,199,218,4852,5075
ILOC20200403,75,3359,3430,32,983,1012,3,130,135,104,4468,4576
ILOC20200404,189,7771,7962,62,2481,2545,21,371,389,272,10625,10899
ILOC20200405,673,16819,17495,237,4087,4327,56,723,776,964,21635,22600
ILOC20200501,302,18745,19043,106,6061,6160,27,850,877,430,25652,26083
ILOC20200601,970,70446,71412,210,14233,14440,39,2286,2327,1213,86960,88173
ILOC20200701,147,4000,4148,77,1122,1201,10,225,237,242,5348,5587
ILOC20200702,205,8794,9002,107,2524,2634,26,364,388,337,11683,12017
ILOC20200703,0,0,0,5,0,5,0,0,0,5,0,5
ILOC20200704,222,12250,12476,71,3025,3101,17,442,455,309,15720,16030
ILOC20200801,129,5877,6006,42,1764,1808,7,271,281,183,7920,8101
ILOC20200802,112,3791,3910,38,1446,1487,6,206,219,165,5449,5613
ILOC20200803,189,11429,11618,45,2070,2115,3,391,396,238,13897,14133
ILOC20200901,125,13540,13660,25,1699,1727,10,341,351,154,15584,15738
ILOC20200902,148,9072,9220,24,1601,1628,5,286,296,181,10961,11143
ILOC20201001,604,14053,14659,251,4179,4430,37,689,733,890,18921,19817
ILOC20201101,134,10113,10246,25,2553,2572,6,390,399,167,13052,13217
ILOC20201102,101,8400,8504,27,2025,2056,3,317,319,138,10740,10879
ILOC20201201,311,25081,25390,69,5086,5152,16,800,817,390,30971,31363
ILOC20201202,3,0,3,0,0,0,0,0,0,6,0,6
ILOC20201203,145,9478,9631,48,2840,2889,5,381,390,199,12704,12906
ILOC20201301,67,2379,2445,28,823,852,3,117,122,96,3320,3416
ILOC20201302,92,3109,3197,37,849,886,5,136,135,134,4089,4220
ILOC20201303,91,4695,4782,28,1366,1391,10,167,176,127,6225,6353
ILOC20201401,113,2535,2647,33,840,876,15,135,147,160,3506,3667
ILOC20201402,47,648,695,42,300,348,12,61,70,102,1012,1111
ILOC20201403,63,1722,1782,12,557,570,3,67,70,78,2341,2422
ILOC20201501,58,2782,2837,26,946,970,4,140,141,88,3861,3945
ILOC20201502,168,10855,11031,53,2728,2781,3,536,540,223,14119,14350
ILOC20201601,249,11047,11298,45,1991,2036,15,350,369,306,13392,13701
ILOC20201701,206,9745,9954,50,2366,2420,14,369,379,268,12485,12751
ILOC20201801,236,13622,13859,86,4478,4563,19,547,573,344,18647,18991
ILOC20201901,139,10158,10300,47,2399,2449,12,375,382,202,12930,13136
ILOC20201902,143,8155,8298,46,2270,2314,4,357,360,198,10779,10980
ILOC20201903,346,11257,11606,78,2211,2287,23,347,367,448,13815,14260
ILOC29499494,0,0,0,0,0,0,0,0,0,0,0,0
ILOC29799797,0,0,0,0,0,0,0,0,0,0,0,0
ILOC30100101,391,10932,11327,117,2254,2369,20,333,349,527,13515,14043
ILOC30100201,605,34019,34622,85,3461,3546,22,804,824,715,38287,38999
ILOC30100202,370,26012,26387,71,2343,2411,24,848,876,461,29201,29666
ILOC30100203,1006,61693,62699,174,5939,6116,52,1634,1686,1230,69261,70496
ILOC30100204,183,13087,13266,54,1445,1499,9,442,448,250,14963,15219
ILOC30100205,464,27790,28258,90,3168,3265,28,697,723,587,31661,32245
ILOC30100206,714,23358,24071,135,2792,2928,39,731,774,891,26875,27771
ILOC30100207,1711,64303,66011,276,8414,8684,74,1651,1724,2059,74361,76425
ILOC30100208,976,54891,55873,161,5605,5767,44,1701,1743,1180,62198,63384
ILOC30100209,426,31416,31842,57,2188,2245,14,537,553,501,34148,34643
ILOC30100210,214,3691,3906,150,1260,1411,16,235,254,386,5189,5572
ILOC30100211,255,8510,8757,49,776,823,8,222,222,308,9502,9807
ILOC30100301,2345,46627,48976,463,7982,8446,103,1421,1530,2916,56032,58952
ILOC30100401,901,34915,35820,156,5353,5509,32,881,915,1090,41151,42248
ILOC30100501,309,6273,6588,79,1654,1735,18,238,260,413,8165,8578
ILOC30100601,207,4717,4928,47,1158,1207,11,200,207,265,6075,6339
ILOC30100602,293,4753,5044,79,1136,1212,13,271,280,383,6151,6539
ILOC30100701,3966,166287,170250,560,22250,22814,171,5432,5599,4699,193973,198668
ILOC30100801,2872,50410,53283,607,8142,8752,126,1437,1564,3600,59994,63595
ILOC30100901,352,8317,8673,44,894,940,11,180,196,408,9398,9806
ILOC30100902,243,2965,3208,86,775,860,14,116,134,347,3859,4200
ILOC30100903,2100,54847,56952,319,7167,7489,92,1565,1662,2515,63586,66099
ILOC30100904,151,2549,2693,35,388,424,5,96,99,192,3025,3217
ILOC30100905,379,6086,6470,70,1011,1078,16,221,244,472,7319,7792
ILOC30100906,238,4126,4367,113,1354,1470,23,253,273,376,5731,6110
ILOC30101001,1503,55956,57465,220,7287,7509,50,1650,1700,1777,64900,66672
ILOC30101101,340,16652,16988,47,2262,2306,8,515,519,390,19425,19816
ILOC30101201,1168,31624,32800,173,3570,3741,35,671,708,1381,35870,37251
ILOC30101202,491,25547,26045,20,1402,1425,13,372,384,532,27324,27852
ILOC30101301,677,18161,18845,161,4029,4190,20,562,583,862,22752,23611
ILOC30101401,1342,44197,45540,237,5513,5745,46,1117,1165,1621,50830,52446
ILOC30200101,224,3385,3607,107,899,1012,15,147,160,343,4427,4775
ILOC30200201,425,7446,7872,81,710,792,21,185,203,522,8338,8863
ILOC30200202,131,3009,3142,127,586,712,15,159,173,272,3753,4032
ILOC30200203,289,7014,7302,43,697,734,9,161,166,333,7872,8205
ILOC30200204,244,4007,4250,101,614,713,24,194,214,363,4818,5181
ILOC30200205,365,3477,3843,138,451,588,27,92,117,533,4022,4553
ILOC30200206,554,4136,4686,189,575,759,30,125,155,766,4836,5606
ILOC30200207,196,1437,1637,67,254,326,4,39,43,274,1738,2008
ILOC30200208,728,5411,6141,663,1552,2208,112,308,418,1497,7265,8769
ILOC30200209,175,4004,4184,44,465,509,6,115,119,223,4591,4814
ILOC30200210,162,1151,1317,110,311,426,20,52,75,295,1522,1813
ILOC30200301,53,337,385,55,95,150,10,11,24,109,447,553
ILOC30200302,114,2591,2706,59,435,497,14,110,119,183,3137,3320
ILOC30200303,14,0,14,11,0,11,4,0,4,28,0,28
ILOC30200401,99,1428,1529,47,305,358,7,61,67,160,1792,1953
ILOC30200501,83,2007,2092,34,412,446,0,59,64,120,2480,2603
ILOC30200601,19,236,257,10,52,67,4,8,14,36,299,333
ILOC30200602,68,830,896,42,273,316,3,52,57,118,1153,1270
ILOC30200603,19,26,43,18,21,35,0,3,3,31,48,80
ILOC30200604,21,183,210,20,87,110,3,20,18,49,294,338
ILOC30200701,319,1756,2073,152,687,832,26,87,115,496,2526,3022
ILOC30200702,199,2853,3053,71,718,790,8,106,112,281,3677,3956
ILOC30200801,195,3368,3564,118,808,923,7,183,198,325,4361,4682
ILOC30200803,23,94,114,26,18,49,0,5,5,51,117,164
ILOC30200901,202,1756,1957,194,699,890,26,93,116,417,2543,2958
ILOC30201001,4,174,173,6,71,80,0,18,21,12,255,273
ILOC30201002,43,6,49,24,0,25,0,0,0,66,7,78
ILOC30201101,210,14,224,235,4,233,8,0,8,450,15,465
ILOC30300101,144,24,164,69,14,85,4,4,7,221,39,259
ILOC30300201,35,330,367,31,160,188,9,60,70,75,549,620
ILOC30300202,32,10,44,19,3,22,0,5,5,58,18,73
ILOC30300203,8,9,16,14,3,17,3,3,6,24,13,36
ILOC30300301,62,433,489,37,112,146,6,24,25,99,561,664
ILOC30300401,168,14,175,60,7,69,5,0,5,228,16,245
ILOC30300501,160,26,183,55,3,56,3,0,4,217,27,241
ILOC30300601,49,21,68,75,8,80,7,4,11,130,31,160
ILOC30300701,40,5,48,26,5,29,3,0,3,71,14,84
ILOC30300702,106,4,111,116,3,124,4,0,3,228,6,236
ILOC30300703,177,821,998,45,67,107,9,29,37,231,920,1148
ILOC30300801,199,52,256,27,7,33,8,15,24,234,77,310
ILOC30300802,51,4,57,51,3,54,0,0,3,102,9,113
ILOC30300803,85,5,91,3,0,5,0,9,9,84,15,100
ILOC30300804,37,13,52,13,3,18,3,8,9,55,26,74
ILOC30300805,57,5,63,21,5,26,0,0,0,80,11,91
ILOC30300901,103,34,138,69,7,81,0,3,3,175,45,218
ILOC30400101,11,73,81,28,15,40,0,9,15,37,96,135
ILOC30400102,10,53,65,5,3,8,3,11,13,24,61,86
ILOC30400103,36,282,316,16,109,132,5,16,19,58,416,469
ILOC30400201,34,212,248,29,83,117,3,19,25,67,320,387
ILOC30400202,139,8,148,101,0,101,3,25,27,236,30,268
ILOC30400203,87,39,129,107,10,124,5,3,8,203,58,261
ILOC30400204,79,112,190,112,28,146,12,10,18,204,148,354
ILOC30400301,135,713,854,122,167,290,9,40,49,275,916,1193
ILOC30400401,9,19,23,6,4,15,3,5,15,21,25,44
ILOC30400402,699,4134,4830,347,641,988,53,154,208,1106,4929,6033
ILOC30500101,101,1775,1876,39,503,544,4,85,95,146,2363,2516
ILOC30500102,14,359,374,3,110,113,0,17,17,15,487,502
ILOC30500103,78,1480,1556,34,285,320,8,64,69,122,1837,1954
ILOC30500201,50,756,810,16,228,248,0,34,34,72,1024,1096
ILOC30500202,31,498,530,14,185,201,0,34,34,48,715,761
ILOC30500203,59,982,1046,23,251,272,3,41,46,86,1275,1366
ILOC30500301,775,12952,13724,254,4050,4306,41,547,592,1072,17548,18622
ILOC30500302,458,12672,13130,122,2885,3007,18,466,482,601,16021,16619
ILOC30500401,84,1034,1118,32,143,173,4,28,35,117,1210,1329
ILOC30500402,100,2403,2505,51,639,694,10,125,130,167,3170,3333
ILOC30500403,169,3538,3707,42,391,434,10,96,106,220,4024,4248
ILOC30500404,83,6,85,143,3,146,13,0,13,236,13,245
ILOC30500501,445,9138,9579,69,1850,1915,19,323,347,528,11312,11842
ILOC30500502,674,13812,14485,182,3397,3583,26,563,586,880,17767,18648
ILOC30500503,339,5806,6141,120,1970,2082,15,280,294,473,8052,8521
ILOC30500601,540,9580,10125,158,1529,1687,16,241,254,713,11350,12064
ILOC30500602,71,1723,1790,21,426,446,6,67,70,94,2217,2307
ILOC30500603,275,5765,6047,42,767,804,11,147,154,323,6679,7004
ILOC30500701,36,553,588,8,71,75,4,17,22,43,644,683
ILOC30500702,134,2161,2297,5,187,194,6,45,52,151,2394,2540
ILOC30500703,97,2285,2387,24,433,459,4,108,115,127,2832,2957
ILOC30500801,35,59,94,25,37,60,3,3,7,70,96,162
ILOC30500802,41,386,427,23,162,187,5,23,27,65,570,641
ILOC30500803,112,1957,2066,45,851,899,13,136,149,169,2946,3114
ILOC30500901,285,2689,2971,67,433,498,10,80,86,358,3196,3556
ILOC30500902,113,637,748,56,374,433,4,31,36,177,1038,1219
ILOC30500903,1173,15549,16718,474,3839,4320,73,593,671,1718,19985,21705
ILOC30500904,258,5453,5713,66,1010,1083,15,272,289,347,6743,7087
ILOC30500905,82,1382,1464,18,348,367,0,60,63,99,1789,1894
ILOC30500906,208,4255,4467,67,896,959,13,126,138,287,5283,5568
ILOC30600101,32,396,424,16,99,106,5,22,26,53,511,564
ILOC30600102,11,69,82,13,38,49,0,11,7,26,118,141
ILOC30600103,108,461,567,87,145,229,9,31,32,198,635,835
ILOC30600201,56,323,375,26,121,151,5,23,30,89,468,557
ILOC30600301,95,0,99,182,0,182,0,0,0,280,0,281
ILOC30600401,293,7368,7661,72,1644,1722,20,266,284,382,9283,9666
ILOC30600402,280,5326,5607,75,1613,1689,13,203,212,373,7143,7512
ILOC30600501,201,2328,2531,82,668,751,14,74,92,295,3077,3370
ILOC30600601,69,1402,1469,31,459,489,5,54,54,101,1912,2019
ILOC30600602,93,1187,1281,41,381,424,11,55,67,139,1629,1771
ILOC30600603,121,3057,3174,37,993,1033,5,116,119,161,4162,4324
ILOC30600701,42,1136,1177,8,202,214,5,25,35,63,1366,1424
ILOC30600702,109,995,1101,40,313,353,9,48,56,151,1355,1513
ILOC30600801,62,1219,1281,34,381,420,9,48,57,107,1648,1754
ILOC30600802,18,172,191,23,78,98,0,15,15,35,262,302
ILOC30600803,169,1649,1817,75,409,486,11,73,79,259,2125,2381
ILOC30600901,101,740,838,62,273,336,8,36,43,170,1043,1215
ILOC30601001,139,994,1131,74,339,415,13,53,68,223,1387,1611
ILOC30601101,169,3601,3770,93,1217,1308,6,169,182,269,4983,5254
ILOC30601201,64,317,386,103,123,228,6,20,30,174,469,647
ILOC30601301,179,3968,4148,49,963,1009,11,134,144,239,5067,5305
ILOC30601302,69,1293,1362,38,486,521,4,69,72,104,1849,1955
ILOC30601401,240,3679,3915,94,1191,1285,11,142,156,343,5010,5355
ILOC30601402,128,2697,2823,36,729,763,11,111,125,169,3530,3707
ILOC30601501,1382,29800,31179,416,6378,6794,69,960,1026,1866,37135,39001
ILOC30601601,143,4737,4882,20,635,654,3,104,114,171,5482,5653
ILOC30601602,177,3001,3180,26,618,645,3,79,82,209,3701,3911
ILOC30601701,112,3186,3298,21,481,500,7,82,93,141,3750,3895
ILOC30601702,52,774,823,22,287,315,3,32,35,76,1095,1172
ILOC30601703,44,1191,1227,7,330,340,5,45,52,53,1563,1617
ILOC30601801,127,1966,2089,46,489,532,9,80,90,177,2533,2713
ILOC30601802,57,945,998,25,289,313,0,42,41,85,1273,1355
ILOC30601803,74,844,922,44,382,429,3,39,40,123,1262,1388
ILOC30601804,93,1863,1952,19,489,507,7,54,63,116,2402,2523
ILOC30700101,47,0,47,5,0,5,0,0,0,56,0,57
ILOC30700102,53,21,79,20,9,22,15,19,42,93,52,141
ILOC30700103,13,3,17,0,4,5,12,5,13,24,12,32
ILOC30700104,174,190,358,96,10,108,49,19,66,316,218,532
ILOC30700105,92,18,114,48,3,50,18,5,23,157,24,185
ILOC30700201,3,0,7,44,0,42,0,3,3,48,4,55
ILOC30700202,18,0,18,13,0,13,9,0,9,36,0,34
ILOC30700203,60,8,68,11,0,11,0,0,0,72,11,81
ILOC30700301,145,19,164,33,4,40,3,0,4,177,25,202
ILOC30700302,20,0,20,25,0,28,0,0,0,49,0,54
ILOC30700303,12,0,9,31,0,31,0,0,0,43,0,47
ILOC30700304,46,0,44,13,0,13,0,0,0,62,0,58
ILOC30700401,49,0,54,4,0,4,0,0,0,58,0,63
ILOC30700402,23,0,23,25,0,27,0,0,0,46,3,49
ILOC30700403,11,0,14,43,0,45,0,0,0,48,0,51
ILOC30700404,52,3,56,0,0,0,0,0,0,58,3,57
ILOC30700501,52,3,51,14,0,14,13,0,13,72,3,74
ILOC30700502,68,4,75,9,0,9,0,0,3,81,10,86
ILOC30700503,13,0,13,3,0,3,0,0,0,20,0,20
ILOC30800101,326,2920,3238,124,983,1103,21,164,184,473,4059,4533
ILOC30800201,134,2092,2223,113,790,901,14,109,118,253,2995,3247
ILOC30800202,98,2337,2437,47,697,742,13,78,88,154,3110,3267
ILOC30800301,160,1821,1983,126,651,777,18,81,99,305,2557,2856
ILOC30800401,98,1483,1577,55,463,520,3,81,82,152,2028,2178
ILOC30800501,61,1819,1883,23,570,594,4,72,73,89,2465,2553
ILOC30800502,59,1048,1113,64,469,538,9,55,68,138,1579,1714
ILOC30800601,1399,22649,24044,443,4134,4582,86,732,818,1921,27517,29436
ILOC30800701,150,3377,3525,40,706,744,8,143,152,197,4225,4418
ILOC30800801,108,2133,2237,33,441,470,3,79,80,136,2656,2791
ILOC30800901,261,19,275,194,3,194,6,3,9,455,24,483
ILOC30801001,210,5210,5421,68,926,993,14,297,313,290,6430,6722
ILOC30801101,199,2897,3094,73,669,741,24,161,185,289,3728,4018
ILOC30801201,1630,19465,21089,476,2307,2783,99,488,583,2203,22257,24458
ILOC30801301,1621,27962,29589,683,4955,5634,96,818,917,2405,33737,36137
ILOC30801401,96,1767,1857,27,352,373,11,50,60,126,2162,2296
ILOC30801402,76,2105,2183,19,432,454,3,93,95,99,2631,2731
ILOC30801501,111,2040,2145,52,519,570,6,93,104,171,2645,2816
ILOC30801502,9,9,15,23,0,21,0,0,0,28,5,39
ILOC30801503,60,476,529,36,190,226,9,27,33,100,696,789
ILOC39499494,0,0,0,0,0,0,0,0,0,0,0,0
ILOC39799797,0,0,0,0,0,0,0,0,0,0,0,0
ILOC40100101,59,7469,7528,21,855,878,7,269,278,85,8592,8678
ILOC40100102,97,8981,9081,34,1361,1388,4,225,229,128,10565,10697
ILOC40100201,83,11642,11731,8,1259,1268,3,188,192,95,13094,13190
ILOC40100202,148,10379,10531,18,1381,1402,7,202,210,174,11962,12139
ILOC40100301,220,13132,13349,43,2545,2594,10,292,304,272,15972,16246
ILOC40100401,52,1116,1166,30,371,401,3,57,63,84,1544,1630
ILOC40100402,77,1800,1875,47,525,578,15,99,110,133,2433,2564
ILOC40100501,125,15713,15842,28,3445,3477,3,410,412,156,19568,19729
ILOC40100502,88,12032,12122,30,2341,2371,3,313,310,128,14686,14808
ILOC40100601,136,10493,10630,39,2032,2073,6,294,304,183,12819,13001
ILOC40100602,101,6948,7049,36,1816,1855,4,233,240,147,8999,9145
ILOC40100603,143,7562,7700,38,2327,2373,7,247,255,187,10139,10324
ILOC40100604,182,9060,9241,81,2204,2290,19,293,313,288,11562,11848
ILOC40100701,274,16024,16300,71,3571,3646,17,473,490,368,20062,20431
ILOC40100801,141,7676,7818,43,1699,1738,3,206,209,190,9580,9766
ILOC40100901,124,12181,12308,18,2214,2235,8,327,329,151,14721,14872
ILOC40100902,230,18366,18597,47,4089,4137,14,543,558,285,22996,23281
ILOC40101001,86,3115,3204,30,962,998,5,121,124,127,4197,4324
ILOC40101002,64,2586,2647,29,894,925,0,103,101,93,3579,3674
ILOC40101101,175,12126,12303,57,2673,2733,16,358,372,257,15148,15401
ILOC40101102,119,9194,9313,46,2224,2269,8,280,285,176,11695,11869
ILOC40101103,98,7173,7266,5,598,608,0,127,124,107,7897,8001
ILOC40101201,263,5566,5832,109,1783,1891,23,212,235,398,7566,7960
ILOC40101301,25,199,219,12,101,114,0,13,13,37,307,348
ILOC40101302,64,2088,2144,26,650,677,0,68,74,89,2803,2897
ILOC40101303,17,0,18,3,0,3,5,0,5,26,0,24
ILOC40101401,505,30969,31469,131,4672,4806,25,667,696,659,36308,36963
ILOC40101402,189,5794,5981,63,1556,1615,7,229,236,262,7571,7838
ILOC40101403,288,15472,15762,33,2050,2080,18,361,381,339,17887,18225
ILOC40101501,257,4492,4741,69,1162,1232,10,192,200,334,5843,6177
ILOC40101502,227,7861,8090,41,1002,1037,7,189,191,273,9050,9320
ILOC40101503,362,6633,6993,182,2820,3002,31,391,419,571,9845,10420
ILOC40101504,165,4754,4921,36,890,934,8,118,128,211,5766,5979
ILOC40101601,281,9124,9405,83,2117,2200,10,234,237,374,11470,11842
ILOC40101602,170,12270,12441,65,2279,2341,21,321,347,263,14863,15128
ILOC40101603,136,6302,6433,67,1803,1870,8,253,261,208,8355,8565
ILOC40101604,104,4574,4675,47,1589,1636,4,221,227,160,6380,6539
ILOC40101605,116,3213,3330,51,1078,1134,12,110,123,182,4401,4584
ILOC40101701,78,2548,2624,32,838,868,0,128,129,104,3521,3627
ILOC40101801,215,8236,8451,86,2222,2314,16,326,345,321,10787,11112
ILOC40101802,149,6520,6673,44,1363,1405,7,166,172,192,8049,8243
ILOC40101803,227,10615,10834,61,2311,2373,27,298,326,309,13222,13538
ILOC40101804,353,13483,13835,88,2116,2206,15,330,348,459,15931,16389
ILOC40101901,222,10768,10987,70,2948,3017,9,325,333,301,14044,14341
ILOC40101902,218,7492,7710,56,2246,2306,13,254,269,289,9994,10282
ILOC40102001,414,31097,31508,64,4317,4377,16,645,661,490,36057,36544
ILOC40102101,60,14611,14673,16,1804,1818,0,286,289,71,16704,16778
ILOC40102102,161,20595,20751,23,2557,2582,7,461,471,197,23608,23807
ILOC40102103,83,12664,12746,13,1709,1724,5,266,265,96,14640,14738
ILOC40102201,110,4621,4729,24,1204,1229,5,141,148,133,5970,6110
ILOC40102301,146,4732,4879,51,1692,1742,11,159,172,207,6586,6800
ILOC40102302,10,84,94,19,14,35,3,3,9,36,98,132
ILOC40102303,68,3183,3252,35,1130,1164,5,96,98,101,4407,4507
ILOC40200101,5,10,16,59,0,63,0,4,8,71,17,85
ILOC40200102,4,0,6,10,3,9,0,0,0,14,6,15
ILOC40200103,8,17,23,27,7,40,0,0,0,40,28,64
ILOC40200104,0,0,3,9,0,13,0,0,0,13,3,12
ILOC40200105,14,25,35,39,3,43,0,3,6,55,27,86
ILOC40200106,0,3,3,20,0,20,0,0,0,20,3,18
ILOC40200107,3,11,20,40,6,42,0,0,0,41,13,59
ILOC40200108,0,12,12,23,0,23,0,0,0,23,12,38
ILOC40200109,32,29,61,45,0,46,0,0,3,81,29,107
ILOC40200110,0,0,0,0,0,0,0,0,0,0,0,0
ILOC40200201,36,382,415,41,179,219,4,39,41,86,596,682
ILOC40200202,0,0,0,8,0,8,0,0,0,11,0,11
ILOC40200301,10,6,19,23,6,23,0,0,0,31,12,43
ILOC40200302,3,0,4,18,0,21,0,0,0,21,4,29
ILOC40200303,18,355,373,28,165,188,3,48,50,50,560,612
ILOC40200304,9,69,82,8,16,32,0,0,0,22,90,108
ILOC40200305,45,1034,1076,6,74,76,0,24,25,52,1131,1177
ILOC40200401,295,8796,9089,154,3232,3391,21,319,338,471,12342,12817
ILOC40200402,30,308,336,32,109,146,3,16,16,61,435,494
ILOC40200501,9,0,9,24,0,24,0,0,0,32,0,32
ILOC40200502,256,1404,1654,211,601,806,27,73,105,491,2070,2561
ILOC40200503,15,234,251,5,67,67,3,8,7,23,305,330
ILOC40200504,129,848,976,104,236,338,23,38,53,247,1119,1371
ILOC40200505,70,524,594,18,101,122,0,12,21,92,637,734
ILOC40200601,255,6114,6372,169,2109,2281,22,253,275,446,8478,8925
ILOC40300101,74,505,575,63,144,209,3,25,29,141,671,814
ILOC40300102,14,0,14,21,0,21,9,0,9,44,0,44
ILOC40300103,26,69,98,11,7,21,7,0,14,52,76,129
ILOC40300104,17,171,193,3,47,51,11,7,24,35,231,264
ILOC40300201,98,4675,4778,39,1212,1254,5,150,150,140,6035,6178
ILOC40300202,0,3,3,12,0,12,0,0,0,12,3,15
ILOC40300203,20,74,98,0,22,18,0,8,9,23,103,123
ILOC40300204,12,12,29,20,0,25,8,0,9,42,13,59
ILOC40300301,181,3902,4081,116,1019,1133,12,136,150,310,5054,5364
ILOC49499494,0,0,0,0,0,0,0,0,0,0,0,0
ILOC49799797,0,0,0,0,0,0,0,0,0,0,0,0
ILOC50100101,181,668,844,160,135,296,32,33,70,375,835,1208
ILOC50100102,161,1212,1374,56,117,166,8,35,45,226,1356,1585
ILOC50100103,33,4,36,26,3,28,3,0,3,58,9,70
ILOC50100104,230,1187,1413,120,140,258,17,34,51,368,1358,1721
ILOC50100201,63,0,63,12,0,12,8,15,17,82,15,100
ILOC50100202,33,3,39,37,0,37,0,3,7,69,11,80
ILOC50100203,82,24,104,45,3,45,0,0,3,130,27,156
ILOC50100206,28,71,101,51,14,72,9,19,29,97,112,204
ILOC50200101,152,1081,1227,123,278,401,28,64,94,300,1422,1722
ILOC50200102,0,0,0,42,0,42,0,0,0,38,0,38
ILOC50200201,19,100,121,28,30,65,3,9,10,53,147,197
ILOC50200202,9,82,97,15,24,39,3,3,7,31,114,143
ILOC50200301,19,516,535,6,119,124,0,22,23,23,656,683
ILOC50200302,12,141,156,27,32,67,4,6,7,43,184,231
ILOC50200303,39,905,944,26,281,304,3,43,43,63,1231,1291
ILOC50200401,229,2162,2390,184,670,855,34,97,129,452,2923,3372
ILOC50200402,175,2138,2316,43,280,319,10,54,63,228,2469,2693
ILOC50200403,176,2191,2370,126,420,545,21,50,67,319,2659,2978
ILOC50200404,163,3311,3480,65,559,621,10,101,111,243,3971,4210
ILOC50200501,93,2132,2226,56,525,581,12,71,83,163,2727,2889
ILOC50200601,0,8,7,3,3,7,0,0,0,11,11,17
ILOC50200602,24,90,111,57,14,74,6,4,10,89,117,203
ILOC50200701,3,6,3,19,5,23,0,0,0,23,7,34
ILOC50200702,26,337,370,14,81,100,5,31,35,46,452,501
ILOC50300101,111,2824,2935,53,658,715,16,118,134,176,3601,3779
ILOC50300102,42,1324,1362,10,232,242,3,46,48,51,1602,1653
ILOC50300201,36,181,209,30,59,89,0,14,16,62,252,317
ILOC50300202,0,0,0,0,0,0,0,0,0,0,0,5
ILOC50300203,0,41,41,3,14,14,4,20,23,7,75,76
ILOC50300204,36,670,713,16,107,115,3,15,18,50,790,846
ILOC50300205,17,0,18,4,0,4,0,0,0,23,0,24
ILOC50300206,16,136,148,15,78,89,0,19,18,31,227,264
ILOC50300301,416,7763,8180,244,1231,1478,30,219,251,692,9213,9909
ILOC50300302,3,3,4,9,0,9,0,0,3,12,0,13
ILOC50300401,5,3,9,16,0,12,0,0,0,18,3,25
ILOC50300402,10,3,12,19,0,20,3,0,3,34,8,40
ILOC50300403,8,6,11,10,0,10,6,3,8,22,7,30
ILOC50300404,12,86,93,50,17,66,5,9,12,61,115,179
ILOC50300405,0,0,0,25,0,25,0,0,0,26,0,26
ILOC50300406,13,3,14,13,0,14,8,0,8,30,4,33
ILOC50300407,4,3,9,8,0,8,7,0,7,26,3,30
ILOC50300408,18,11,24,17,0,17,6,0,6,41,11,47
ILOC50300501,13,91,103,29,29,54,0,5,8,40,126,167
ILOC50300502,15,135,152,18,23,37,4,10,15,37,167,202
ILOC50300503,6,7,15,15,0,15,0,5,5,24,9,30
ILOC50300601,50,31,76,41,4,47,7,0,7,99,33,131
ILOC50300701,17,34,52,34,7,41,0,5,5,44,47,95
ILOC50400101,5,26,31,22,18,40,11,4,14,41,48,86
ILOC50400102,8,0,12,3,0,3,0,0,0,10,0,13
ILOC50400103,40,22,53,25,3,23,0,0,3,65,19,81
ILOC50400201,13,13,20,23,0,23,14,0,14,48,13,58
ILOC50400202,12,13,30,7,3,8,0,0,3,20,20,36
ILOC50400203,0,3,4,12,0,13,0,0,3,18,8,26
ILOC50400204,0,0,0,17,0,17,0,0,0,17,0,17
ILOC50400205,0,0,0,23,3,27,0,0,0,23,4,24
ILOC50400301,48,116,165,91,23,109,10,6,15,150,147,292
ILOC50400302,14,0,14,41,0,41,4,0,4,54,0,54
ILOC50400303,11,0,11,14,0,14,6,0,6,24,0,24
ILOC50400401,27,10,29,30,0,32,10,0,13,67,12,83
ILOC50400501,0,11,12,59,3,62,0,0,3,66,13,81
ILOC50400601,144,937,1083,144,148,290,29,29,62,321,1111,1429
ILOC50400602,20,0,20,18,0,18,3,0,3,38,0,38
ILOC50400603,0,0,0,0,0,0,0,0,0,0,0,0
ILOC50400701,24,210,238,20,35,52,0,11,8,47,253,301
ILOC50400702,3,14,13,17,3,25,0,0,3,22,16,36
ILOC50400801,38,56,97,65,25,90,4,6,6,112,85,196
ILOC50500101,172,3681,3855,83,1098,1180,14,146,156,262,4928,5188
ILOC50500102,181,12202,12380,40,874,916,13,246,260,238,13319,13550
ILOC50500103,102,3069,3173,28,599,623,4,100,101,130,3763,3895
ILOC50500104,104,2708,2814,28,287,314,3,95,99,137,3096,3233
ILOC50500105,55,1231,1285,17,234,255,5,35,41,80,1504,1586
ILOC50500201,125,4773,4894,50,812,859,12,122,129,183,5705,5883
ILOC50500301,136,9282,9418,40,1640,1677,9,285,294,180,11201,11388
ILOC50500302,164,10999,11159,54,1775,1826,12,294,304,223,13068,13290
ILOC50500401,107,4169,4278,39,752,784,5,140,146,152,5065,5216
ILOC50500402,67,2133,2198,29,482,510,4,144,149,97,2763,2856
ILOC50500403,34,1949,1986,15,450,461,0,61,67,48,2461,2514
ILOC50500404,63,3245,3310,34,588,629,13,134,141,113,3968,4080
ILOC50500501,118,13922,14040,17,1420,1436,6,262,266,144,15602,15750
ILOC50500502,156,9621,9779,68,1559,1621,14,374,386,232,11556,11788
ILOC50500503,20,2868,2889,0,122,128,0,49,49,16,3040,3057
ILOC50500601,118,7598,7714,30,831,859,6,155,166,157,8583,8739
ILOC50500602,84,5906,5993,23,1125,1146,3,231,234,111,7265,7378
ILOC50500603,201,11594,11796,36,868,907,11,195,200,253,12656,12908
ILOC50500604,50,1658,1705,19,418,433,3,66,68,68,2135,2204
ILOC50500605,69,3476,3549,29,859,886,10,136,140,111,4469,4576
ILOC50500701,176,11846,12019,61,1793,1859,12,345,359,247,13982,14231
ILOC50500801,54,2090,2147,12,379,395,6,71,82,77,2550,2622
ILOC50500802,74,9150,9224,8,426,430,0,142,142,76,9721,9803
ILOC50500803,204,5466,5667,68,1274,1342,16,201,217,286,6942,7225
ILOC50500804,74,2442,2518,16,243,261,0,64,66,88,2746,2838
ILOC50500805,46,1553,1603,17,239,258,4,47,50,68,1841,1913
ILOC50500806,32,1509,1543,18,273,294,3,56,61,53,1837,1893
ILOC50500807,114,3605,3716,40,794,837,8,138,139,161,4532,4691
ILOC50500808,131,6826,6954,35,848,889,3,165,166,173,7836,8014
ILOC50500901,167,16827,16994,22,1118,1138,9,315,322,198,18258,18452
ILOC50500902,272,31832,32102,24,2661,2684,10,557,564,304,35051,35357
ILOC50501001,101,3759,3860,29,580,610,10,96,99,140,4431,4571
ILOC50501002,123,3642,3761,20,460,478,7,91,101,144,4197,4338
ILOC50501003,121,9874,9990,17,967,981,4,193,193,140,11032,11165
ILOC50501101,196,5104,5301,100,1108,1204,16,179,191,309,6385,6688
ILOC50501102,123,5545,5673,19,395,416,3,110,115,147,6056,6199
ILOC50501201,126,18301,18425,30,2176,2209,8,395,405,164,20873,21034
ILOC50501202,120,13884,14001,30,1359,1390,5,281,290,158,15521,15679
ILOC50501301,179,9248,9429,19,949,963,7,188,194,203,10387,10594
ILOC50501302,96,2343,2437,32,479,513,9,58,71,137,2885,3020
ILOC50501401,123,17903,18027,28,2049,2078,14,482,495,175,20430,20599
ILOC50501402,139,28372,28512,31,2487,2516,6,585,596,174,31444,31619
ILOC50501501,441,12830,13273,78,1623,1699,16,334,350,535,14783,15326
ILOC50501502,162,8247,8409,49,2037,2083,4,316,323,221,10599,10818
ILOC50501503,322,14712,15030,28,1004,1025,4,271,279,352,15981,16338
ILOC50501601,188,7434,7614,19,636,657,7,136,141,218,8197,8417
ILOC50501701,128,14244,14366,53,1436,1487,8,333,339,185,16012,16195
ILOC50501702,160,11412,11569,70,1686,1757,16,386,403,246,13478,13724
ILOC50501801,195,24604,24798,54,2735,2790,4,568,573,256,27906,28160
ILOC50501802,212,15790,16004,55,2501,2555,18,449,469,280,18748,19022
ILOC50501803,103,5014,5115,47,1148,1195,9,200,210,158,6356,6521
ILOC50501804,272,26642,26911,95,4813,4906,26,870,904,395,32328,32726
ILOC50501901,114,5642,5757,20,633,647,8,102,108,141,6371,6512
ILOC50501902,184,5723,5907,65,847,904,16,183,201,261,6752,7010
ILOC50501903,34,529,558,12,148,157,0,18,18,41,692,734
ILOC50501904,227,10465,10691,29,865,886,5,210,218,254,11544,11799
ILOC50501905,221,7422,7639,36,562,599,6,147,155,262,8128,8392
ILOC50501906,54,2198,2247,14,315,326,3,53,55,65,2561,2622
ILOC50501907,48,1450,1503,33,416,452,4,59,62,91,1922,2010
ILOC50501908,99,1630,1730,48,420,471,5,76,85,149,2131,2280
ILOC50501909,93,1971,2062,16,228,242,10,38,46,114,2231,2353
ILOC50502001,506,32088,32589,103,3449,3552,22,705,728,631,36242,36868
ILOC50502101,407,21596,22000,91,2061,2145,17,463,481,510,24112,24622
ILOC50600101,6,32,37,11,9,16,0,13,13,13,54,65
ILOC50600102,16,11,27,31,0,31,0,0,3,50,13,64
ILOC50600103,0,5,5,20,0,25,3,0,3,24,8,30
ILOC50600104,0,0,3,15,0,10,0,0,0,15,3,19
ILOC50600105,14,28,38,19,12,26,3,0,3,30,35,69
ILOC50600106,131,962,1091,36,80,118,9,22,31,173,1064,1234
ILOC50600107,4,17,21,6,3,8,3,0,3,19,20,37
ILOC50600108,0,4,4,23,3,20,0,0,0,22,6,25
ILOC50600109,0,0,3,18,0,18,0,0,0,19,0,26
ILOC50600110,0,3,3,10,0,10,0,3,4,9,4,17
ILOC50600201,80,1067,1147,38,141,175,5,76,82,125,1283,1405
ILOC50600202,33,196,226,25,30,59,10,16,19,62,240,303
ILOC50600203,39,320,357,13,19,32,0,5,5,49,347,398
ILOC50600204,60,625,687,11,37,53,5,7,17,82,668,753
ILOC50600301,346,3894,4236,183,320,496,23,86,105,543,4300,4845
ILOC50600401,3,8,8,16,0,19,15,0,15,33,7,36
ILOC50600402,20,40,60,7,9,10,0,3,4,25,50,75
ILOC50600403,79,1049,1128,30,118,149,8,52,60,114,1222,1337
ILOC50600404,381,1856,2243,222,206,426,52,58,116,659,2123,2785
ILOC50600405,0,0,0,0,0,0,0,0,0,4,0,4
ILOC50600501,39,236,274,32,23,50,3,5,8,71,262,333
ILOC50600502,7,305,318,0,26,29,0,4,4,14,340,351
ILOC50600503,5,5,17,12,3,11,3,0,3,23,10,33
ILOC50600504,29,35,63,66,3,66,7,4,9,96,43,140
ILOC50600505,73,333,402,37,22,59,3,11,9,106,366,470
ILOC50700101,143,4729,4870,85,1439,1519,11,214,223,238,6373,6611
ILOC50700102,148,5540,5685,53,955,1004,3,118,120,197,6610,6807
ILOC50700201,178,5239,5419,73,1111,1183,13,188,203,261,6537,6800
ILOC50700202,10,253,261,13,93,105,0,18,19,20,361,377
ILOC50700203,11,308,315,15,95,111,0,23,23,28,420,449
ILOC50700204,13,165,180,11,64,76,0,3,3,24,235,260
ILOC50700205,23,733,748,14,187,204,0,28,28,36,945,983
ILOC50700301,96,5008,5101,33,1182,1210,3,169,172,129,6356,6486
ILOC50700302,35,1129,1163,16,137,150,0,35,31,45,1302,1352
ILOC50700303,35,988,1019,14,169,182,3,18,24,53,1172,1223
ILOC50700304,73,1434,1509,38,489,531,5,63,72,123,1988,2107
ILOC50700305,48,813,860,42,275,317,9,42,48,93,1131,1224
ILOC50700401,214,10663,10874,34,1703,1738,8,311,318,261,12671,12940
ILOC50700501,63,1366,1431,42,357,396,5,61,63,109,1776,1892
ILOC50700502,24,814,844,22,246,264,0,27,29,50,1083,1133
ILOC50700601,195,7413,7611,52,1106,1164,9,194,204,252,8720,8975
ILOC50700701,25,674,702,30,201,226,3,30,34,61,903,964
ILOC50700702,28,1198,1228,28,319,345,0,48,45,58,1569,1625
ILOC50700703,21,280,300,27,104,137,4,6,12,55,392,446
ILOC50700801,30,788,813,18,150,169,6,18,27,54,955,1006
ILOC50700802,34,1053,1083,51,306,358,6,37,49,93,1401,1491
ILOC50700901,632,26492,27123,161,4690,4857,27,804,833,829,31986,32811
ILOC50701001,64,3163,3228,32,696,733,4,98,105,103,3956,4060
ILOC50701002,80,2519,2597,33,746,785,3,88,99,124,3353,3479
ILOC50701101,100,4154,4255,22,790,814,3,150,151,129,5097,5223
ILOC50701102,38,600,642,45,154,197,4,27,33,89,780,874
ILOC50701201,23,674,701,16,153,166,3,20,22,40,845,885
ILOC50701202,81,2657,2737,22,533,559,5,74,86,108,3274,3383
ILOC50701203,37,1069,1107,5,290,299,0,48,48,41,1415,1452
ILOC50701301,63,1073,1133,57,311,366,10,37,53,129,1421,1553
ILOC50701302,95,2541,2630,61,736,796,14,95,111,173,3370,3538
ILOC50701401,75,1647,1720,87,494,578,5,60,64,163,2200,2363
ILOC50701501,79,4221,4293,11,642,654,6,93,98,89,4957,5049
ILOC50701502,45,2330,2373,16,556,568,7,82,89,63,2967,3027
ILOC50701503,232,8875,9113,49,1075,1122,6,191,200,292,10143,10433
ILOC50701504,86,2319,2406,48,717,771,5,96,98,142,3130,3270
ILOC50701505,40,1687,1727,10,344,359,0,48,50,51,2080,2132
ILOC50800101,177,509,692,156,81,235,22,27,54,360,619,978
ILOC50800102,13,0,13,17,0,17,0,0,0,28,0,28
ILOC50800103,37,0,37,17,0,17,0,0,0,56,0,56
ILOC50800201,30,86,116,23,16,34,9,5,12,56,104,163
ILOC50800202,6,5,7,9,0,7,0,0,0,12,3,19
ILOC50800203,23,3,28,50,0,50,3,0,3,79,6,84
ILOC50800204,8,0,8,39,0,39,3,0,3,51,0,51
ILOC50800205,3,6,9,72,0,72,0,0,0,76,6,80
ILOC50800301,10,0,10,56,0,56,0,0,0,72,0,72
ILOC50800302,0,0,0,11,3,16,0,0,0,18,3,16
ILOC50800303,15,7,24,20,0,22,0,0,0,32,11,46
ILOC50800304,11,0,11,4,0,4,0,0,0,20,0,20
ILOC50800305,0,0,0,8,0,11,0,0,0,11,5,11
ILOC50800306,30,0,30,0,0,3,0,0,0,32,0,30
ILOC50800307,35,7,42,12,0,12,0,0,0,50,7,60
ILOC50800308,4,7,11,17,0,17,0,0,0,20,6,27
ILOC50800401,0,3,0,13,0,13,0,0,0,14,3,21
ILOC50800402,0,5,6,12,0,14,0,0,0,9,7,15
ILOC50800403,66,0,67,27,0,27,3,0,3,94,0,97
ILOC50800404,32,53,80,17,23,36,0,18,19,52,88,139
ILOC50800405,24,0,24,8,0,8,0,0,0,29,0,29
ILOC59499494,0,0,0,0,0,0,0,0,0,0,0,0
ILOC59799797,0,0,0,0,0,0,0,0,0,0,0,0
ILOC60100101,635,6978,7605,161,2179,2337,18,258,276,811,9411,10221
ILOC60100102,504,4952,5460,119,1560,1678,16,194,208,641,6704,7344
ILOC60100103,62,653,716,17,186,207,0,19,16,85,858,943
ILOC60100201,26,941,966,15,390,400,0,32,34,46,1366,1405
ILOC60100202,35,497,531,11,287,301,3,22,25,47,809,861
ILOC60100203,169,2641,2813,46,992,1042,4,81,86,223,3717,3937
ILOC60100204,94,2578,2670,23,681,709,0,100,98,120,3357,3481
ILOC60100205,103,1477,1586,47,563,613,9,62,70,154,2108,2263
ILOC60100301,505,3818,4320,179,1185,1367,19,126,149,703,5133,5842
ILOC60100302,740,16508,17253,141,3196,3338,22,424,455,908,20131,21045
ILOC60100303,856,12535,13392,263,4192,4457,32,499,530,1144,17228,18372
ILOC60100304,340,16697,17042,53,2257,2311,18,410,431,412,19364,19776
ILOC60100401,65,211,276,26,56,81,3,15,15,88,286,375
ILOC60100402,22,141,160,16,67,79,0,12,7,37,212,249
ILOC60100403,412,4054,4466,137,865,1004,16,117,132,564,5041,5604
ILOC60100501,536,11109,11641,78,1474,1549,15,235,251,627,12821,13450
ILOC60100601,919,18172,19096,240,4650,4895,35,655,689,1191,23477,24670
ILOC60100701,87,2636,2725,20,559,575,7,76,77,115,3265,3380
ILOC60100702,112,1627,1737,31,427,452,6,65,74,151,2114,2262
ILOC60100703,113,2907,3021,54,857,909,10,100,110,175,3866,4038
ILOC60100801,86,1739,1818,24,665,689,0,74,74,110,2476,2586
ILOC60100802,74,1792,1866,23,689,714,8,73,84,109,2557,2661
ILOC60100803,54,237,290,32,67,95,5,8,13,87,311,398
ILOC60100804,109,1811,1922,40,603,638,0,60,64,152,2476,2628
ILOC60100901,67,1191,1260,29,434,468,3,58,64,97,1689,1784
ILOC60100902,241,4105,4344,53,984,1042,8,134,140,299,5227,5529
ILOC60100903,50,662,705,15,210,223,0,29,29,67,895,959
ILOC60101001,504,5173,5677,143,1497,1644,21,198,222,668,6874,7542
ILOC60101002,457,2177,2634,112,716,831,20,93,112,594,2978,3571
ILOC60101003,96,969,1070,25,211,233,0,23,26,126,1207,1328
ILOC60101004,288,2655,2942,78,946,1019,12,75,86,375,3673,4049
ILOC60101005,118,1137,1256,41,402,444,10,54,63,170,1593,1763
ILOC60101101,200,2841,3036,47,727,778,6,95,101,252,3667,3917
ILOC60101102,240,7522,7762,40,1319,1362,6,216,220,288,9051,9343
ILOC69499494,0,0,0,0,0,0,0,0,0,0,0,0
ILOC69799797,0,0,0,0,0,0,0,0,0,0,0,0
ILOC70100101,121,862,982,54,122,178,18,49,70,195,1030,1225
ILOC70100102,154,924,1072,100,140,239,16,27,43,266,1091,1355
ILOC70100103,38,378,421,16,98,111,4,27,26,53,501,552
ILOC70100104,7,85,93,7,13,14,0,0,3,15,99,108
ILOC70100105,220,1120,1335,79,129,212,13,43,53,312,1289,1603
ILOC70100106,71,1031,1103,44,119,168,5,22,29,120,1176,1293
ILOC70100107,143,1247,1387,71,159,223,17,39,56,229,1443,1671
ILOC70100108,0,0,0,0,0,0,0,0,0,0,0,0
ILOC70100109,33,0,33,16,0,16,0,0,0,49,0,49
ILOC70100201,11,0,11,13,0,13,0,0,0,23,0,26
ILOC70100202,8,0,14,34,0,34,4,0,5,49,5,50
ILOC70100203,22,0,19,17,0,17,17,0,17,50,0,56
ILOC70100204,12,0,12,14,0,14,0,0,0,24,0,24
ILOC70100205,3,0,3,14,0,14,3,0,3,20,0,18
ILOC70100206,13,0,13,15,0,15,8,0,8,39,0,39
ILOC70100207,11,0,11,14,0,14,3,0,3,28,0,30
ILOC70200102,75,18,93,19,3,24,3,0,3,96,23,120
ILOC70200103,19,12,32,30,8,37,3,4,6,55,27,80
ILOC70200104,4,3,3,34,0,34,3,7,3,36,5,47
ILOC70200201,28,13,34,27,3,30,4,3,9,54,12,73
ILOC70200301,0,6,7,18,0,19,3,5,3,19,8,32
ILOC70200302,3,8,14,8,0,10,0,3,3,12,14,27
ILOC70200303,3,7,7,29,5,34,0,0,0,36,10,40
ILOC70200304,0,0,0,19,0,19,0,0,0,22,0,22
ILOC70200305,0,0,0,29,0,29,0,0,0,34,0,34
ILOC70200306,0,0,0,24,0,24,0,0,0,24,0,24
ILOC70200401,3,5,5,30,5,34,3,0,5,37,6,42
ILOC70200402,0,0,0,0,0,0,0,3,3,0,4,4
ILOC70200501,6,12,23,17,4,26,0,0,3,27,17,48
ILOC70200502,3,22,22,22,6,28,5,3,7,31,28,61
ILOC70200503,0,3,5,17,0,16,0,0,0,16,6,27
ILOC70200601,3,3,4,23,0,25,0,0,0,24,6,34
ILOC70200602,3,5,8,26,4,26,0,0,0,27,6,32
ILOC70200701,49,19,65,44,0,48,3,3,5,91,28,119
ILOC70200801,3,19,18,35,4,44,3,5,6,38,27,72
ILOC70200802,3,9,11,10,4,12,7,5,11,18,15,36
ILOC70200901,0,0,3,18,3,16,0,0,0,16,6,23
ILOC70200902,55,303,358,74,75,153,11,20,30,133,402,541
ILOC70201001,0,12,12,39,6,44,0,0,3,40,17,61
ILOC70201002,0,5,5,0,0,0,0,0,0,0,5,5
ILOC70201101,14,13,31,31,4,39,0,0,0,45,17,69
ILOC70201102,6,0,6,7,0,7,0,0,0,13,0,13
ILOC70201201,0,0,0,4,0,4,0,0,0,6,0,6
ILOC70201202,3,0,3,12,0,12,0,0,0,12,3,17
ILOC70201203,6,0,6,3,0,3,0,0,0,11,0,11
ILOC70201204,21,15,40,43,0,43,3,3,3,68,21,92
ILOC70201301,3,10,12,48,3,48,6,0,6,57,16,69
ILOC70201302,0,0,0,0,0,0,0,0,0,0,0,0
ILOC70201401,0,3,3,22,7,26,0,0,0,22,10,30
ILOC70201402,16,14,26,16,0,21,0,0,0,35,9,42
ILOC70201403,6,15,19,3,6,12,0,7,7,7,27,36
ILOC70201404,3,0,3,22,0,19,0,0,0,27,0,28
ILOC70201501,0,7,7,41,7,43,0,0,0,41,17,55
ILOC70201601,0,0,0,29,3,36,0,0,0,29,6,37
ILOC70201701,26,33,58,78,4,80,0,0,0,106,33,138
ILOC70300101,52,508,557,14,60,78,4,24,22,70,592,656
ILOC70300102,47,788,832,12,68,82,3,26,29,62,880,945
ILOC70300201,82,577,652,20,44,65,0,20,19,101,639,741
ILOC70300202,75,593,667,25,45,67,4,19,22,105,651,756
ILOC70300301,30,0,32,9,0,10,0,0,0,43,3,44
ILOC70300302,72,1058,1130,46,207,251,17,37,58,133,1305,1436
ILOC70300303,3,0,3,9,0,9,0,0,0,11,0,11
ILOC70300304,9,121,130,14,29,37,8,3,12,32,151,177
ILOC70300401,29,133,168,23,59,89,5,22,28,60,219,276
ILOC70300402,20,69,91,33,31,62,5,3,7,56,105,155
ILOC70300403,3,0,3,30,0,27,3,0,3,36,3,38
ILOC70300404,21,271,292,26,108,134,9,20,31,50,402,453
ILOC70300501,47,1948,1999,24,218,242,4,84,89,84,2252,2332
ILOC70300502,82,1635,1714,22,157,179,4,60,63,105,1849,1962
ILOC70300503,49,1373,1415,12,163,175,0,43,43,59,1577,1634
ILOC70300504,90,2026,2111,28,198,224,12,66,72,123,2289,2415
ILOC70300601,178,1017,1195,72,137,207,8,41,52,260,1196,1453
ILOC70300701,16,164,185,11,38,48,0,6,6,30,211,240
ILOC70300702,87,844,933,16,125,142,3,31,33,106,1004,1106
ILOC70300703,76,589,659,16,120,137,13,37,46,98,742,845
ILOC70300704,90,1004,1091,15,111,128,0,37,43,106,1154,1264
ILOC70300705,205,2006,2210,43,307,348,7,76,86,253,2385,2640
ILOC70300706,10,71,79,10,10,21,0,5,8,21,81,102
ILOC70300801,125,628,755,39,99,141,8,34,45,171,761,929
ILOC70300901,56,802,860,47,121,168,14,57,69,112,985,1097
ILOC70301001,41,444,481,9,39,49,5,11,18,52,499,550
ILOC70301002,55,684,737,17,109,133,6,23,34,79,818,902
ILOC70301101,51,448,502,12,62,69,0,21,24,66,530,595
ILOC70301102,49,463,514,11,69,81,3,20,18,56,556,612
ILOC70301103,32,430,462,19,49,67,8,19,29,52,498,552
ILOC70301201,50,1139,1185,25,171,193,3,49,55,75,1358,1433
ILOC70301202,61,909,970,13,118,129,3,45,54,73,1071,1150
ILOC70301301,448,3905,4356,64,349,420,23,131,155,532,4388,4921
ILOC70301302,104,660,761,34,72,106,12,32,36,140,766,905
ILOC70301303,120,1524,1649,11,74,84,3,36,41,141,1632,1773
ILOC70301304,124,692,818,83,168,249,18,35,53,229,891,1117
ILOC70301305,168,577,742,75,114,193,17,18,40,265,707,969
ILOC70301306,3,0,3,16,0,16,0,0,0,18,0,18
ILOC70301307,126,733,861,52,114,168,13,28,47,195,880,1068
ILOC70301401,168,2440,2603,25,194,225,9,68,76,202,2704,2904
ILOC70301402,66,608,666,23,66,89,0,20,17,89,692,781
ILOC70400101,15,57,69,13,16,33,8,12,22,37,82,123
ILOC70400102,3,0,3,12,0,12,0,0,0,13,0,13
ILOC70400103,29,8,36,34,3,37,3,0,3,61,8,74
ILOC70400104,26,10,41,17,0,17,0,0,0,46,10,53
ILOC70400105,9,3,14,4,0,11,0,0,0,16,7,20
ILOC70400106,29,49,79,4,20,26,3,3,5,32,75,112
ILOC70400201,48,227,275,17,23,43,6,10,12,72,256,335
ILOC70400202,28,123,152,25,66,94,0,26,22,52,211,265
ILOC70400203,4,0,4,4,0,4,0,0,0,10,0,10
ILOC70400301,134,57,189,116,7,120,4,10,15,250,67,320
ILOC70400302,6,0,6,33,0,33,0,0,3,43,0,43
ILOC70400401,3,0,3,23,0,23,9,0,9,31,0,31
ILOC70400402,90,31,122,50,4,55,3,7,11,149,39,186
ILOC70400403,0,0,0,0,0,0,0,0,0,0,0,0
ILOC70400404,0,0,0,4,0,4,0,0,0,6,0,6
ILOC70400405,8,5,8,36,0,36,0,0,0,40,5,43
ILOC70400406,36,12,48,21,0,21,4,5,6,61,8,71
ILOC70400501,0,0,0,29,0,29,3,0,3,34,0,34
ILOC70400502,60,55,112,179,5,184,12,3,15,251,64,317
ILOC70400601,75,7,80,15,0,19,3,0,4,90,10,104
ILOC70400602,56,7,62,17,0,19,10,0,10,79,11,90
ILOC70400603,9,13,22,9,0,10,0,6,6,18,21,41
ILOC70400604,210,38,250,85,13,89,12,0,19,307,50,360
ILOC70500101,46,30,73,23,0,27,8,14,21,77,43,122
ILOC70500102,16,8,24,7,0,11,3,3,6,26,11,36
ILOC70500103,25,0,25,0,0,0,0,0,0,24,0,24
ILOC70500201,9,0,9,20,0,20,3,0,3,33,0,33
ILOC70500202,17,22,40,33,3,36,0,0,0,49,25,76
ILOC70500301,30,5,41,29,0,33,0,7,7,66,8,71
ILOC70500302,9,3,13,32,0,33,0,0,0,41,3,46
ILOC70500303,7,52,55,11,16,24,3,11,15,14,79,99
ILOC70500304,0,0,0,35,0,40,4,0,4,42,0,41
ILOC70500305,0,0,0,12,0,12,0,0,0,13,0,16
ILOC70500306,15,52,62,7,14,21,7,11,24,30,77,104
ILOC70500307,57,9,68,14,0,14,0,0,0,71,8,84
ILOC70500401,7,19,28,28,9,34,0,19,19,32,49,81
ILOC70500402,0,8,9,53,0,56,3,0,3,61,7,72
ILOC70500403,0,0,0,8,0,8,0,0,0,8,0,8
ILOC70500404,0,0,0,25,0,25,0,8,8,29,8,34
ILOC70500405,0,8,8,0,0,0,0,0,0,0,11,12
ILOC70500501,9,0,9,17,0,14,0,0,0,28,0,25
ILOC70500502,288,1622,1914,190,294,489,29,91,124,510,2013,2525
ILOC70500503,23,4,30,18,3,21,0,0,0,39,12,50
ILOC70500504,12,0,12,3,0,3,0,0,0,22,0,22
ILOC70500601,51,16,69,29,3,35,3,4,3,84,24,109
ILOC70500701,57,21,77,49,0,50,19,0,23,123,23,149
ILOC70500801,0,0,0,13,0,13,0,0,0,10,0,16
ILOC70500802,0,0,0,17,0,15,0,0,0,15,3,17
ILOC70500803,0,11,11,4,3,3,0,0,0,4,15,14
ILOC70500804,14,31,47,11,12,21,0,0,0,27,43,71
ILOC70500805,3,13,23,20,9,26,0,3,3,25,21,48
ILOC70500901,0,3,7,15,0,15,0,0,0,11,3,21
ILOC70500902,3,16,15,3,5,14,0,5,7,11,22,31
ILOC70500903,3,6,9,26,7,32,0,4,5,32,10,42
ILOC70600101,13,203,217,7,22,30,0,6,6,18,232,248
ILOC70600102,50,3,52,103,0,98,5,0,6,155,5,161
ILOC70600103,3,0,3,9,0,10,0,0,0,13,0,13
ILOC70600104,0,0,0,27,3,29,0,0,0,27,3,29
ILOC70600105,3,5,11,73,6,78,0,0,0,77,10,84
ILOC70600201,42,13,48,23,4,27,37,7,42,101,22,126
ILOC70600202,3,0,3,8,0,8,0,0,0,8,0,8
ILOC70600301,0,0,0,13,0,13,0,0,0,13,0,13
ILOC70600302,0,0,0,4,0,4,0,0,0,9,0,9
ILOC70600303,0,3,3,0,0,0,0,0,0,0,4,3
ILOC70600304,5,0,5,21,0,21,0,0,0,22,0,22
ILOC70600305,0,0,0,15,0,15,0,0,0,15,0,15
ILOC70600401,168,44,212,46,10,59,8,0,10,224,52,277
ILOC70600402,6,9,14,40,0,40,0,0,0,46,9,53
ILOC70600501,20,6,26,11,0,14,0,3,3,32,10,44
ILOC70600502,83,721,801,34,57,91,20,62,85,136,838,974
ILOC70600601,100,4,109,21,0,20,0,14,19,120,21,147
ILOC70600701,87,27,118,32,3,32,3,0,3,120,35,155
ILOC70600702,53,25,78,43,3,41,0,0,0,92,27,124
ILOC70600703,12,0,12,11,0,11,0,0,0,23,0,23
ILOC70600801,49,41,91,26,3,33,0,0,0,73,48,121
ILOC70700101,26,7,33,41,0,42,3,3,5,70,13,81
ILOC70700201,15,12,27,46,3,51,4,0,3,69,12,82
ILOC70700301,6,36,36,13,6,23,0,3,3,23,42,66
ILOC70700302,9,23,39,6,7,10,0,5,5,15,32,47
ILOC70700303,0,0,3,8,0,9,0,0,0,12,4,19
ILOC70700304,10,19,28,25,7,33,0,3,3,34,29,61
ILOC70700305,0,0,0,15,0,15,0,0,0,10,0,10
ILOC70700401,47,14,58,11,3,12,0,0,3,61,12,73
ILOC70700501,5,0,6,7,0,7,0,0,0,11,0,9
ILOC70700502,6,0,6,12,0,10,0,0,0,21,0,22
ILOC70700503,18,0,18,25,0,25,0,0,0,44,0,44
ILOC70700504,160,412,570,110,65,177,28,24,49,295,495,797
ILOC70700601,3,0,3,24,4,24,0,0,0,26,3,33
ILOC70700602,0,0,3,26,6,32,0,0,0,25,8,31
ILOC79499494,0,0,0,0,0,0,0,0,0,0,0,0
ILOC79799797,0,0,0,0,0,0,0,0,0,0,0,0
ILOC80100101,708,30388,31095,96,2868,2961,28,641,666,832,33889,34721
ILOC80100102,284,16756,17047,56,1807,1863,18,491,509,357,19058,19416
ILOC80100103,444,21720,22160,26,1044,1070,14,421,431,484,23180,23668
ILOC80100201,453,28595,29050,91,3013,3107,28,635,663,575,32243,32815
ILOC80100202,852,26291,27147,106,2273,2372,26,615,647,984,29176,30162
ILOC80100301,22,1761,1784,3,68,72,0,28,28,23,1850,1875
ILOC89499494,0,0,0,0,0,0,0,0,0,0,0,0
ILOC89799797,0,0,0,0,0,0,0,0,0,0,0,0
ILOC90100101,0,316,315,0,61,68,0,17,18,3,394,399
ILOC90100201,3,102,102,0,25,25,0,7,7,3,130,131
ILOC90200101,6,26,32,9,4,7,3,3,8,20,29,47
ILOC90200102,20,0,19,16,0,21,6,0,6,40,3,38
ILOC90300101,5,595,597,3,116,119,0,23,23,9,738,743
ILOC99499494,0,0,0,0,0,0,0,0,0,0,0,0
ILOC99799797,0,0,0,0,0,0,0,0,0,0,0,0